Order_ID,Product_ID,Category,Price,Quantity,Order_Date,Delivery_Days,Region,Returned,Return_Reason
ORD10000,PRD8270,Sports,1433.46,1,2025-08-28,6.0,South,No,None
ORD10001,PRD5426,Home,2625.29,1,2025-07-22,7.0,North,No,None
ORD10002,PRD7949,Fashion,609.1,1,2025-12-31,6.0,West,Yes,Quality Issue
ORD10003,PRD3558,Fashion,379.33,3,2025-11-18,5.0,East,No,None
ORD10004,PRD2899,Home,2953.05,1,2025-12-24,7.0,North,Yes,Quality Issue
ORD10005,PRD9433,Fashion,817.84,1,2026-01-26,4.0,West,Yes,Size Issue
ORD10006,PRD9226,Fashion,964.8,1,2025-02-22,5.0,South,No,None
ORD10007,PRD8989,Electronics,4863.13,1,2025-08-01,5.0,West,No,None
ORD10008,PRD8629,Home,1658.34,3,2025-09-21,5.0,South,No,None
ORD10009,PRD5887,Fashion,1940.93,1,2025-04-02,4.0,North,Yes,Wrong Item
ORD10010,PRD6463,Electronics,1394.22,1,2025-07-09,4.0,West,No,None
ORD10011,PRD6892,Fashion,909.39,1,2025-07-05,9.0,West,Yes,Size Issue
ORD10012,PRD3454,Fashion,852.81,1,2026-02-15,4.0,East,No,None
ORD10013,PRD9110,Fashion,1743.15,1,2025-11-02,4.0,East,No,None
ORD10014,PRD6134,Fashion,343.21,1,2025-04-24,10.0,North,Yes,Quality Issue
ORD10015,PRD2757,Electronics,1621.82,1,2025-08-10,4.0,North,Yes,Damaged
ORD10016,PRD4157,Sports,1405.09,2,2025-07-04,,West,No,None
ORD10017,PRD6450,Sports,1240.04,2,2025-10-09,10.0,North,No,None
ORD10018,PRD7776,Sports,625.97,1,2025-09-06,6.0,North,No,None
ORD10019,PRD1663,Home,671.21,1,2025-10-11,5.0,South,No,None
ORD10020,PRD2291,Fashion,1483.72,1,2025-06-01,4.0,North,Yes,Wrong Item
ORD10021,PRD1854,Electronics,2052.82,1,2025-06-26,3.0,West,No,None
ORD10022,PRD6535,Home,2081.98,1,2025-06-23,4.0,South,No,None
ORD10023,PRD3931,Fashion,1377.0,1,2025-10-18,8.0,North,Yes,Size Issue
ORD10024,PRD1659,Sports,1064.71,1,2025-07-17,5.0,East,No,None
ORD10025,PRD3976,Sports,672.09,2,2025-06-29,7.0,North,Yes,Wrong Item
ORD10026,PRD5061,Fashion,738.5,1,2026-02-01,13.0,West,No,None
ORD10027,PRD3049,Electronics,918.96,2,2025-03-29,9.0,East,No,None
ORD10028,PRD4170,Home,2232.68,2,2025-07-22,5.0,North,No,None
ORD10029,PRD2648,Sports,1210.21,1,2025-11-01,2.0,South,No,None
ORD10030,PRD3200,Electronics,1777.64,1,2025-09-02,7.0,West,No,None
ORD10031,PRD9352,Sports,470.29,1,2025-07-05,7.0,West,No,None
ORD10032,PRD5555,Home,1229.6,1,2025-10-16,6.0,South,No,None
ORD10033,PRD6895,Home,1416.3,1,2025-05-28,6.0,West,No,None
ORD10034,PRD8996,Sports,529.04,1,2025-04-10,2.0,West,No,None
ORD10035,PRD2069,Electronics,4475.72,1,2025-03-29,10.0,North,No,None
ORD10036,PRD1606,Home,2944.93,1,2025-10-31,5.0,East,No,None
ORD10037,PRD4394,Sports,653.13,1,2025-04-15,7.0,West,Yes,Size Issue
ORD10038,PRD5014,Fashion,909.7,1,2025-11-20,9.0,North,No,None
ORD10039,PRD8343,Home,1022.06,2,2026-02-10,4.0,West,No,None
ORD10040,PRD6625,Home,1604.25,1,2026-01-07,3.0,South,No,None
ORD10041,PRD7002,Home,277.33,1,2025-12-05,6.0,South,No,None
ORD10042,PRD4769,Home,2949.15,2,2025-04-19,2.0,West,Yes,Damaged
ORD10043,PRD3491,Electronics,2850.09,1,2025-06-08,6.0,West,No,None
ORD10044,PRD8027,Fashion,1219.08,1,2025-12-25,3.0,South,No,None
ORD10045,PRD2693,Home,2426.52,1,2025-05-23,7.0,South,Yes,Size Issue
ORD10046,PRD3838,Home,2148.73,1,2025-04-19,10.0,East,No,None
ORD10047,PRD8805,Fashion,1514.81,1,2025-11-19,6.0,West,No,None
ORD10048,PRD8004,Home,333.61,1,2025-05-17,2.0,South,Yes,Damaged
ORD10049,PRD3141,Fashion,1965.17,1,2025-09-26,8.0,North,No,None
ORD10050,PRD8421,Fashion,1404.62,1,2025-10-24,6.0,South,Yes,Size Issue
ORD10051,PRD3489,Sports,1306.26,1,2025-02-24,6.0,West,No,None
ORD10052,PRD7303,Home,2442.66,1,2025-08-02,6.0,North,No,None
ORD10053,PRD6732,Sports,671.24,3,2026-01-16,4.0,North,Yes,Size Issue
ORD10054,PRD9945,Home,1142.35,1,2025-05-24,9.0,South,No,None
ORD10055,PRD9306,Electronics,2732.17,1,2025-06-14,6.0,North,Yes,Quality Issue
ORD10056,PRD8164,Electronics,2965.87,1,2025-08-31,6.0,East,No,None
ORD10057,PRD6073,Electronics,3993.86,1,2025-08-29,6.0,West,No,None
ORD10058,PRD6644,Home,2312.72,1,2025-11-20,6.0,West,No,None
ORD10059,PRD2365,Electronics,4529.85,1,2025-10-11,9.0,North,No,None
ORD10060,PRD1717,Home,2861.7,1,2025-07-14,5.0,East,No,None
ORD10061,PRD6588,Sports,1427.36,1,2025-03-31,3.0,South,No,None
ORD10062,PRD7541,Home,356.44,1,2025-09-29,5.0,South,No,None
ORD10063,PRD8241,Fashion,1350.97,1,2025-02-27,5.0,West,Yes,Damaged
ORD10064,PRD3681,Fashion,438.29,1,2026-01-25,6.0,North,No,None
ORD10065,PRD9691,Electronics,4762.62,3,2025-07-02,,West,Yes,Wrong Item
ORD10066,PRD6301,Home,1387.82,2,2025-03-31,5.0,North,Yes,Wrong Item
ORD10067,PRD7619,Sports,308.66,1,2025-02-21,7.0,West,No,None
ORD10068,PRD2214,Sports,535.71,2,2025-06-17,12.0,West,No,None
ORD10069,PRD7316,Electronics,1952.09,1,2025-09-21,14.0,North,No,None
ORD10070,PRD7190,Electronics,1475.64,1,2025-02-21,6.0,South,No,None
ORD10071,PRD9662,Electronics,4618.64,3,2025-11-19,10.0,West,Yes,Damaged
ORD10072,PRD7819,Fashion,960.06,1,2025-03-20,3.0,North,Yes,Size Issue
ORD10073,PRD8102,Electronics,1758.94,1,2025-09-28,4.0,North,No,None
ORD10074,PRD4324,Fashion,1914.66,1,2025-12-20,10.0,South,No,None
ORD10075,PRD8409,Home,326.61,1,2025-12-06,8.0,South,No,None
ORD10076,PRD8449,Home,1300.37,2,2025-08-16,9.0,South,Yes,Damaged
ORD10077,PRD1404,Sports,251.73,1,2025-09-05,15.0,South,No,None
ORD10078,PRD8190,Electronics,3767.54,1,2025-05-14,4.0,South,No,None
ORD10079,PRD3048,Home,969.25,1,2025-12-05,2.0,East,Yes,Wrong Item
ORD10080,PRD9865,Fashion,1612.94,1,2025-11-15,8.0,West,No,None
ORD10081,PRD8901,Home,1329.75,1,2025-12-20,5.0,North,No,None
ORD10082,PRD5673,Home,796.3,1,2025-10-30,13.0,South,No,None
ORD10083,PRD7941,Home,1424.93,2,2025-12-25,6.0,North,No,None
ORD10084,PRD6115,Fashion,1357.55,2,2025-07-03,8.0,South,No,None
ORD10085,PRD6449,Electronics,1662.1,1,2025-03-26,6.0,South,No,None
ORD10086,PRD4818,Home,872.41,1,2025-10-27,5.0,West,Yes,Damaged
ORD10087,PRD8687,Sports,395.54,1,2025-09-03,9.0,East,No,None
ORD10088,PRD7777,Home,314.43,1,2025-05-23,5.0,South,Yes,Damaged
ORD10089,PRD7376,Sports,428.55,1,2025-05-09,5.0,East,Yes,Damaged
ORD10090,PRD6240,Fashion,438.99,2,2026-01-05,5.0,North,Yes,Damaged
ORD10091,PRD2276,Sports,432.62,1,2025-09-22,4.0,West,No,None
ORD10092,PRD1364,Fashion,362.36,1,2025-02-27,7.0,East,No,None
ORD10093,PRD6870,Sports,294.68,1,2025-10-05,5.0,West,No,None
ORD10094,PRD9905,Home,1101.82,1,2025-06-26,3.0,North,No,None
ORD10095,PRD7168,Sports,629.39,1,2025-07-16,3.0,East,No,None
ORD10096,PRD8943,Sports,732.74,1,2025-06-01,5.0,South,No,None
ORD10097,PRD1876,Fashion,1329.82,1,2025-07-20,4.0,South,Yes,Size Issue
ORD10098,PRD7986,Fashion,784.66,1,2025-12-28,9.0,East,No,None
ORD10099,PRD2063,Electronics,4920.7,1,2026-01-08,6.0,East,No,None
ORD10100,PRD9837,Fashion,738.43,1,2025-04-23,10.0,East,No,None
ORD10101,PRD7316,Sports,426.85,3,2026-01-10,5.0,North,No,None
ORD10102,PRD7283,Home,2180.24,1,2025-03-30,6.0,East,No,None
ORD10103,PRD7988,Home,1862.87,1,2025-03-02,6.0,South,No,None
ORD10104,PRD3060,Sports,1243.33,1,2025-06-01,2.0,North,No,None
ORD10105,PRD4490,Fashion,481.39,2,2025-10-14,5.0,North,No,None
ORD10106,PRD6256,Fashion,608.1,1,2025-12-13,7.0,West,No,None
ORD10107,PRD9007,Home,2426.75,1,2025-12-03,8.0,North,No,None
ORD10108,PRD8546,Fashion,1189.21,1,2025-10-15,6.0,South,No,None
ORD10109,PRD7943,Home,1947.48,1,2025-04-24,6.0,North,No,None
ORD10110,PRD5033,Fashion,413.25,1,2025-03-31,3.0,South,No,None
ORD10111,PRD2202,Sports,1086.52,1,2025-06-11,6.0,West,No,None
ORD10112,PRD1922,Sports,1496.89,1,2025-12-06,2.0,South,No,None
ORD10113,PRD5612,Home,2312.98,1,2025-07-29,5.0,North,Yes,Damaged
ORD10114,PRD4228,Sports,352.39,1,2026-01-18,8.0,East,No,None
ORD10115,PRD7898,Sports,882.68,1,2025-04-30,8.0,South,No,None
ORD10116,PRD7166,Home,1006.2,1,2025-09-26,6.0,South,Yes,Damaged
ORD10117,PRD1827,Home,2809.93,1,2026-01-10,8.0,North,No,None
ORD10118,PRD4177,Electronics,3093.3,1,2025-04-12,7.0,West,No,None
ORD10119,PRD2792,Fashion,701.04,1,2025-08-21,9.0,North,No,None
ORD10120,PRD5662,Home,1855.57,1,2025-12-26,5.0,West,No,None
ORD10121,PRD8970,Home,1360.61,2,2025-12-11,5.0,South,No,None
ORD10122,PRD7490,Electronics,3141.81,1,2025-10-29,3.0,West,No,None
ORD10123,PRD6299,Fashion,357.59,1,2025-12-02,6.0,South,Yes,Size Issue
ORD10124,PRD1966,Electronics,4824.82,1,2025-06-18,9.0,East,No,None
ORD10125,PRD7704,Home,1867.08,1,2025-09-23,5.0,West,No,None
ORD10126,PRD3079,Fashion,624.17,1,2025-12-03,9.0,East,Yes,Damaged
ORD10127,PRD7645,Sports,799.47,1,2026-01-05,3.0,West,No,None
ORD10128,PRD9038,Home,1245.27,1,2025-08-01,5.0,East,No,None
ORD10129,PRD4462,Electronics,2335.93,1,2026-01-09,4.0,East,No,None
ORD10130,PRD9519,Fashion,876.76,1,2025-04-12,7.0,East,No,None
ORD10131,PRD8970,Sports,1484.78,1,2025-12-19,9.0,West,No,None
ORD10132,PRD7612,Fashion,798.35,2,2025-02-27,6.0,North,Yes,Size Issue
ORD10133,PRD4452,Home,1832.52,1,2025-02-22,10.0,North,No,None
ORD10134,PRD5841,Home,1263.14,1,2025-03-12,6.0,South,No,None
ORD10135,PRD8083,Home,2855.67,1,2025-11-27,3.0,South,No,None
ORD10136,PRD9173,Home,2439.59,1,2025-06-15,6.0,North,No,None
ORD10137,PRD9428,Electronics,1660.49,1,2025-10-13,5.0,South,No,None
ORD10138,PRD9996,Home,2503.23,1,2025-04-03,6.0,South,Yes,Wrong Item
ORD10139,PRD8141,Fashion,1524.34,1,2026-01-28,3.0,North,Yes,Quality Issue
ORD10140,PRD9801,Sports,1004.68,1,2025-08-12,9.0,North,No,None
ORD10141,PRD3681,Fashion,379.84,1,2026-02-18,4.0,North,No,None
ORD10142,PRD5124,Electronics,4266.86,1,2025-08-03,7.0,East,No,None
ORD10143,PRD2333,Fashion,974.3,3,2025-04-30,5.0,South,Yes,Size Issue
ORD10144,PRD2762,Sports,219.42,1,2026-02-20,4.0,North,No,None
ORD10145,PRD2524,Electronics,838.12,1,2025-09-25,7.0,West,No,None
ORD10146,PRD8970,Home,417.74,1,2025-06-02,6.0,East,No,None
ORD10147,PRD5090,Electronics,1115.68,3,2025-12-28,6.0,West,No,None
ORD10148,PRD9407,Home,2250.23,2,2025-09-23,7.0,West,No,None
ORD10149,PRD7609,Electronics,3409.99,1,2026-02-20,7.0,West,No,None
ORD10150,PRD5806,Electronics,1312.59,1,2025-10-28,5.0,East,No,None
ORD10151,PRD5232,Home,2788.31,3,2025-09-23,8.0,East,No,None
ORD10152,PRD4042,Fashion,1188.14,1,2025-03-06,,East,No,None
ORD10153,PRD8980,Fashion,1804.5,1,2025-08-22,5.0,East,Yes,Quality Issue
ORD10154,PRD6468,Fashion,841.88,1,2025-03-08,5.0,West,Yes,Size Issue
ORD10155,PRD4241,Fashion,336.16,2,2025-07-11,5.0,West,No,None
ORD10156,PRD8206,Fashion,896.21,1,2026-01-04,5.0,North,No,None
ORD10157,PRD2771,Home,1315.2,1,2026-02-14,6.0,North,No,None
ORD10158,PRD3050,Electronics,2095.8,1,2026-01-10,7.0,North,Yes,Damaged
ORD10159,PRD9173,Home,1397.76,1,2026-01-30,3.0,East,No,None
ORD10160,PRD5805,Home,2661.53,2,2025-03-03,10.0,South,Yes,Size Issue
ORD10161,PRD6690,Sports,1422.69,1,2025-10-21,6.0,South,Yes,Size Issue
ORD10162,PRD1936,Electronics,4807.72,2,2025-02-25,3.0,East,No,None
ORD10163,PRD2913,Electronics,1282.53,1,2025-08-17,5.0,North,No,None
ORD10164,PRD8906,Fashion,1358.99,1,2025-05-20,6.0,South,No,None
ORD10165,PRD2290,Electronics,2260.26,1,2025-03-21,9.0,North,No,None
ORD10166,PRD1954,Fashion,994.37,1,2026-01-14,7.0,West,No,None
ORD10167,PRD9228,Sports,297.78,2,2025-05-12,3.0,North,No,None
ORD10168,PRD3396,Home,2509.11,1,2026-02-09,6.0,North,No,None
ORD10169,PRD5311,Home,2630.85,1,2025-04-20,9.0,North,No,None
ORD10170,PRD3604,Electronics,4685.41,1,2025-07-25,8.0,East,No,None
ORD10171,PRD1556,Fashion,1091.3,2,2025-07-30,5.0,South,No,None
ORD10172,PRD3403,Fashion,1714.63,1,2025-12-12,4.0,North,No,None
ORD10173,PRD2136,Electronics,3343.16,1,2025-08-27,2.0,North,No,None
ORD10174,PRD6445,Home,2330.88,1,2025-10-02,9.0,West,No,None
ORD10175,PRD6084,Fashion,1893.29,1,2025-10-20,11.0,West,No,None
ORD10176,PRD9073,Fashion,888.0,1,2025-09-18,9.0,West,No,None
ORD10177,PRD5811,Sports,1024.22,1,2025-02-27,3.0,North,No,None
ORD10178,PRD4356,Sports,725.34,1,2025-03-31,6.0,North,No,None
ORD10179,PRD8027,Sports,261.21,1,2025-03-14,3.0,East,No,None
ORD10180,PRD1988,Electronics,4592.86,2,2025-05-15,5.0,North,No,None
ORD10181,PRD6626,Electronics,1943.34,1,2025-08-01,4.0,West,No,None
ORD10182,PRD1791,Sports,909.71,1,2025-03-19,12.0,South,No,None
ORD10183,PRD4676,Electronics,1191.46,1,2025-04-11,8.0,East,No,None
ORD10184,PRD7059,Electronics,4603.26,3,2025-04-07,5.0,South,Yes,Damaged
ORD10185,PRD2875,Sports,903.86,1,2026-01-05,7.0,North,No,None
ORD10186,PRD6463,Sports,568.99,1,2025-05-03,5.0,South,No,None
ORD10187,PRD2389,Home,1880.06,1,2025-12-18,8.0,West,No,None
ORD10188,PRD1778,Fashion,1573.57,1,2025-05-07,13.0,West,Yes,Size Issue
ORD10189,PRD3720,Fashion,1618.87,2,2026-02-08,6.0,North,No,None
ORD10190,PRD2949,Electronics,4210.31,1,2025-06-03,3.0,East,No,None
ORD10191,PRD4041,Fashion,584.72,1,2026-01-03,7.0,South,No,None
ORD10192,PRD4144,Home,1916.24,1,2025-09-12,9.0,South,No,None
ORD10193,PRD9442,Home,424.32,2,2025-12-31,8.0,East,No,None
ORD10194,PRD5904,Sports,1137.65,1,2025-03-04,4.0,North,No,None
ORD10195,PRD2266,Fashion,859.33,1,2025-08-12,4.0,East,No,None
ORD10196,PRD1306,Sports,899.74,1,2025-07-20,5.0,West,No,None
ORD10197,PRD9946,Home,817.57,1,2025-09-15,4.0,West,No,None
ORD10198,PRD1158,Fashion,1562.6,1,2025-02-24,7.0,South,No,None
ORD10199,PRD7295,Fashion,1773.95,1,2025-10-28,7.0,West,No,None
ORD10200,PRD2394,Fashion,1851.02,1,2025-10-15,5.0,North,No,None
ORD10201,PRD4591,Sports,1377.19,1,2025-03-06,12.0,East,No,None
ORD10202,PRD5648,Fashion,465.57,1,2025-03-06,6.0,North,No,None
ORD10203,PRD4814,Fashion,1408.61,1,2025-03-20,4.0,North,Yes,Quality Issue
ORD10204,PRD5555,Sports,685.49,1,2025-12-04,4.0,East,No,None
ORD10205,PRD6724,Fashion,1437.96,1,2025-07-03,4.0,East,No,None
ORD10206,PRD1575,Fashion,584.95,1,2025-08-14,7.0,North,No,None
ORD10207,PRD3203,Home,2631.16,1,2026-01-20,3.0,East,No,None
ORD10208,PRD1281,Electronics,3380.01,1,2025-10-23,3.0,North,No,None
ORD10209,PRD2229,Sports,350.26,3,2025-09-24,7.0,South,No,None
ORD10210,PRD8473,Electronics,4405.63,1,2025-08-17,5.0,South,No,None
ORD10211,PRD7527,Fashion,823.48,1,2025-10-12,7.0,West,No,None
ORD10212,PRD9320,Home,2083.29,1,2025-02-25,12.0,East,No,None
ORD10213,PRD6238,Fashion,936.3,1,2025-07-15,9.0,East,No,None
ORD10214,PRD1986,Sports,1223.94,2,2025-02-21,4.0,West,No,None
ORD10215,PRD9125,Sports,365.04,1,2025-04-24,12.0,North,No,None
ORD10216,PRD7924,Electronics,907.17,1,2026-01-10,7.0,South,No,None
ORD10217,PRD5114,Fashion,1832.34,2,2025-11-26,5.0,East,No,None
ORD10218,PRD9189,Fashion,1403.43,1,2025-04-26,5.0,East,No,None
ORD10219,PRD3875,Electronics,2519.12,1,2025-12-08,4.0,South,No,None
ORD10220,PRD8117,Fashion,1590.89,1,2025-05-16,9.0,West,No,None
ORD10221,PRD2177,Electronics,2210.88,1,2025-12-10,4.0,West,No,None
ORD10222,PRD6445,Fashion,1520.81,3,2025-03-13,4.0,East,No,None
ORD10223,PRD6243,Home,881.75,2,2025-11-18,4.0,North,No,None
ORD10224,PRD7012,Sports,496.65,1,2025-03-19,10.0,West,No,None
ORD10225,PRD8311,Fashion,1337.57,1,2025-05-08,5.0,North,No,None
ORD10226,PRD2286,Home,2606.36,1,2025-07-29,7.0,West,No,None
ORD10227,PRD9636,Fashion,1860.18,1,2025-11-10,8.0,West,Yes,Quality Issue
ORD10228,PRD7284,Home,1986.36,1,2025-09-28,4.0,North,No,None
ORD10229,PRD6752,Electronics,4576.51,1,2025-04-10,4.0,North,No,None
ORD10230,PRD7807,Home,2583.29,1,2026-01-31,3.0,West,Yes,Wrong Item
ORD10231,PRD1482,Sports,1314.78,1,2025-07-20,2.0,East,No,None
ORD10232,PRD8622,Sports,1011.25,1,2025-05-08,6.0,South,No,None
ORD10233,PRD2343,Home,1871.73,1,2025-04-03,5.0,East,No,None
ORD10234,PRD7602,Home,1155.05,2,2025-04-29,7.0,South,No,None
ORD10235,PRD7764,Fashion,750.32,1,2025-08-03,4.0,West,No,None
ORD10236,PRD6189,Electronics,3277.2,1,2026-01-02,3.0,North,Yes,Quality Issue
ORD10237,PRD8397,Sports,1028.68,1,2025-04-19,5.0,South,Yes,Size Issue
ORD10238,PRD4874,Fashion,1058.8,1,2025-07-20,6.0,West,No,None
ORD10239,PRD4374,Electronics,1267.15,1,2025-07-28,5.0,West,Yes,Damaged
ORD10240,PRD4719,Sports,791.1,1,2025-11-26,5.0,West,Yes,Damaged
ORD10241,PRD9555,Electronics,4289.15,1,2025-10-09,9.0,North,No,None
ORD10242,PRD3785,Electronics,662.72,1,2025-06-14,5.0,North,Yes,Wrong Item
ORD10243,PRD3496,Home,2510.8,1,2025-07-24,6.0,East,Yes,Quality Issue
ORD10244,PRD5437,Sports,1299.42,1,2025-10-17,5.0,South,No,None
ORD10245,PRD2826,Fashion,1792.56,2,2025-07-04,3.0,East,No,None
ORD10246,PRD9264,Home,1328.34,1,2025-06-30,4.0,South,No,None
ORD10247,PRD6656,Fashion,525.29,2,2025-08-03,,North,No,None
ORD10248,PRD5917,Fashion,597.23,1,2025-03-17,7.0,South,Yes,Size Issue
ORD10249,PRD1536,Home,2896.72,1,2025-12-05,3.0,West,No,None
ORD10250,PRD1845,Sports,743.34,1,2025-07-30,4.0,South,No,None
ORD10251,PRD7610,Home,371.78,1,2025-11-13,4.0,South,No,None
ORD10252,PRD6175,Home,2954.3,1,2025-05-30,3.0,West,No,None
ORD10253,PRD7406,Sports,1083.68,1,2025-11-07,15.0,North,No,None
ORD10254,PRD2403,Sports,384.57,1,2025-10-09,7.0,North,No,None
ORD10255,PRD6693,Sports,412.74,1,2025-05-23,5.0,East,No,None
ORD10256,PRD4716,Fashion,722.59,1,2025-10-24,8.0,North,No,None
ORD10257,PRD8993,Sports,872.67,1,2025-09-21,9.0,North,No,None
ORD10258,PRD3385,Electronics,4818.09,1,2025-08-27,6.0,North,No,None
ORD10259,PRD8961,Fashion,555.08,1,2025-10-30,7.0,East,No,None
ORD10260,PRD4493,Fashion,1634.53,2,2025-06-05,3.0,West,No,None
ORD10261,PRD7272,Fashion,1043.93,1,2025-03-02,11.0,West,No,None
ORD10262,PRD9980,Sports,1010.22,1,2025-09-22,6.0,East,No,None
ORD10263,PRD4926,Sports,1341.32,1,2025-05-18,7.0,North,Yes,Damaged
ORD10264,PRD4456,Electronics,4109.59,1,2025-03-09,11.0,North,No,None
ORD10265,PRD1365,Sports,622.1,1,2025-03-20,5.0,South,Yes,Quality Issue
ORD10266,PRD6439,Fashion,335.61,1,2025-09-28,10.0,West,No,None
ORD10267,PRD3376,Fashion,1434.5,1,2025-12-09,6.0,South,Yes,Wrong Item
ORD10268,PRD5285,Home,2911.77,1,2025-07-10,5.0,South,No,None
ORD10269,PRD7303,Home,1658.15,1,2025-10-04,3.0,East,Yes,Wrong Item
ORD10270,PRD6784,Sports,733.3,1,2025-06-14,11.0,South,No,None
ORD10271,PRD1685,Electronics,3406.15,1,2025-03-24,5.0,East,No,None
ORD10272,PRD2256,Home,906.27,1,2025-07-19,12.0,South,No,None
ORD10273,PRD1646,Home,2037.25,1,2025-05-17,8.0,North,No,None
ORD10274,PRD4537,Fashion,523.94,1,2025-11-30,12.0,East,No,None
ORD10275,PRD5183,Sports,1139.28,1,2025-08-28,7.0,East,No,None
ORD10276,PRD3066,Home,2128.88,2,2025-11-28,8.0,East,Yes,Wrong Item
ORD10277,PRD7272,Sports,1130.72,3,2025-06-04,4.0,West,No,None
ORD10278,PRD3520,Fashion,1561.99,2,2025-09-27,4.0,North,No,None
ORD10279,PRD3547,Sports,157.06,1,2025-04-15,9.0,South,No,None
ORD10280,PRD4489,Electronics,2155.73,1,2025-10-21,9.0,South,No,None
ORD10281,PRD2124,Fashion,926.13,1,2025-03-12,8.0,South,No,None
ORD10282,PRD2828,Fashion,1001.46,1,2025-09-10,6.0,West,Yes,Size Issue
ORD10283,PRD3563,Electronics,3390.46,1,2026-01-22,4.0,West,No,None
ORD10284,PRD1161,Fashion,1668.48,1,2025-04-21,5.0,East,Yes,Size Issue
ORD10285,PRD1541,Fashion,1503.06,1,2025-08-31,6.0,North,Yes,Size Issue
ORD10286,PRD2169,Home,817.71,1,2025-10-29,8.0,North,No,None
ORD10287,PRD2283,Sports,1210.63,1,2025-09-06,14.0,West,No,None
ORD10288,PRD4471,Electronics,1330.14,1,2025-04-11,4.0,East,Yes,Wrong Item
ORD10289,PRD3757,Electronics,4683.28,1,2025-03-27,5.0,East,No,None
ORD10290,PRD8999,Electronics,2664.08,1,2025-08-31,5.0,South,No,None
ORD10291,PRD8462,Fashion,1845.96,1,2025-05-31,8.0,South,Yes,Size Issue
ORD10292,PRD8736,Home,2783.34,1,2025-09-21,3.0,West,Yes,Damaged
ORD10293,PRD5998,Home,971.71,1,2026-01-22,5.0,East,No,None
ORD10294,PRD1204,Fashion,411.12,1,2025-08-23,2.0,South,No,None
ORD10295,PRD6560,Electronics,2895.89,1,2025-02-27,3.0,East,Yes,Quality Issue
ORD10296,PRD2171,Sports,906.23,2,2025-07-24,5.0,West,No,None
ORD10297,PRD5260,Fashion,1965.24,1,2025-05-18,4.0,West,No,None
ORD10298,PRD9562,Electronics,4761.66,3,2025-07-31,4.0,West,No,None
ORD10299,PRD1597,Home,1726.3,3,2025-04-22,9.0,South,No,None
ORD10300,PRD7566,Fashion,1233.03,1,2025-09-06,9.0,South,Yes,Wrong Item
ORD10301,PRD4137,Fashion,1085.9,1,2025-06-25,7.0,West,Yes,Quality Issue
ORD10302,PRD5666,Fashion,1962.71,1,2025-04-10,4.0,East,No,None
ORD10303,PRD6774,Sports,320.44,1,2025-06-16,9.0,East,No,None
ORD10304,PRD7823,Fashion,1576.24,1,2025-04-27,3.0,South,No,None
ORD10305,PRD8264,Fashion,1146.28,1,2025-11-26,8.0,South,Yes,Size Issue
ORD10306,PRD3551,Sports,856.5,1,2025-12-14,6.0,North,No,None
ORD10307,PRD6000,Home,748.35,2,2025-09-18,4.0,West,No,None
ORD10308,PRD3822,Sports,1307.19,2,2025-06-14,4.0,South,No,None
ORD10309,PRD4200,Home,715.83,2,2025-08-15,4.0,West,No,None
ORD10310,PRD7509,Fashion,1756.69,1,2025-12-19,5.0,North,No,None
ORD10311,PRD6108,Electronics,3763.33,1,2025-06-02,12.0,East,No,None
ORD10312,PRD9004,Electronics,918.64,1,2025-07-24,3.0,North,No,None
ORD10313,PRD1264,Sports,1389.58,1,2025-04-21,5.0,East,No,None
ORD10314,PRD3504,Electronics,1644.45,2,2025-05-07,5.0,South,No,None
ORD10315,PRD7299,Sports,267.69,1,2025-08-02,3.0,North,No,None
ORD10316,PRD6433,Home,2023.21,1,2025-07-20,7.0,West,No,None
ORD10317,PRD8950,Home,1975.6,1,2025-11-19,3.0,East,No,None
ORD10318,PRD1155,Home,689.67,2,2025-06-24,14.0,East,No,None
ORD10319,PRD7659,Fashion,1171.51,1,2025-08-30,3.0,North,No,None
ORD10320,PRD9179,Fashion,1836.13,1,2026-02-10,3.0,East,Yes,Wrong Item
ORD10321,PRD8418,Home,1769.23,1,2025-04-07,5.0,West,No,None
ORD10322,PRD6661,Home,510.02,1,2025-11-28,5.0,South,No,None
ORD10323,PRD2750,Fashion,1759.18,1,2025-11-22,8.0,West,No,None
ORD10324,PRD8230,Electronics,1871.38,2,2025-11-22,9.0,South,No,None
ORD10325,PRD2460,Electronics,807.53,1,2025-11-12,2.0,West,No,None
ORD10326,PRD2762,Electronics,1849.64,1,2025-09-04,3.0,West,No,None
ORD10327,PRD8804,Fashion,878.69,3,2025-11-02,3.0,North,No,None
ORD10328,PRD3479,Fashion,1029.61,1,2025-04-11,6.0,North,Yes,Damaged
ORD10329,PRD8851,Electronics,3819.05,1,2026-01-10,9.0,South,No,None
ORD10330,PRD8468,Home,1405.2,1,2025-05-07,5.0,East,No,None
ORD10331,PRD7748,Fashion,1332.05,1,2025-11-23,8.0,East,Yes,Quality Issue
ORD10332,PRD1771,Fashion,1637.48,3,2025-09-02,4.0,East,No,None
ORD10333,PRD5005,Fashion,1815.52,1,2025-04-22,5.0,South,No,None
ORD10334,PRD4451,Fashion,1951.61,1,2025-10-19,6.0,South,No,None
ORD10335,PRD7892,Sports,429.44,1,2025-04-10,2.0,South,No,None
ORD10336,PRD5987,Electronics,2024.87,2,2025-08-31,6.0,East,Yes,Damaged
ORD10337,PRD6463,Electronics,1780.53,2,2025-11-24,5.0,East,No,None
ORD10338,PRD6670,Electronics,3539.39,1,2026-01-19,10.0,North,No,None
ORD10339,PRD9210,Sports,1341.05,1,2025-06-09,6.0,West,No,None
ORD10340,PRD7246,Sports,1258.62,1,2026-02-02,2.0,South,No,None
ORD10341,PRD1726,Electronics,3217.08,1,2026-01-10,5.0,East,No,None
ORD10342,PRD2774,Sports,891.94,2,2026-01-18,3.0,East,No,None
ORD10343,PRD6889,Home,2009.07,1,2025-12-24,6.0,South,No,None
ORD10344,PRD5658,Fashion,496.75,1,2025-11-06,7.0,East,No,None
ORD10345,PRD2628,Fashion,1709.33,3,2025-11-05,2.0,South,No,None
ORD10346,PRD3282,Electronics,879.77,1,2026-02-12,3.0,North,No,None
ORD10347,PRD8064,Home,2486.82,1,2025-11-24,7.0,South,No,None
ORD10348,PRD4500,Home,1719.1,2,2025-03-22,5.0,South,No,None
ORD10349,PRD3242,Sports,932.01,1,2025-03-15,5.0,West,Yes,Size Issue
ORD10350,PRD2141,Sports,680.52,1,2025-12-07,,North,No,None
ORD10351,PRD7564,Sports,1178.57,2,2025-11-22,2.0,West,No,None
ORD10352,PRD2442,Home,1280.45,1,2025-12-22,3.0,West,No,None
ORD10353,PRD1929,Sports,444.15,3,2026-01-07,,North,No,None
ORD10354,PRD7980,Fashion,346.81,1,2025-05-06,3.0,South,Yes,Size Issue
ORD10355,PRD7591,Home,648.07,1,2026-01-01,3.0,North,No,None
ORD10356,PRD7628,Fashion,497.44,3,2026-02-12,5.0,South,No,None
ORD10357,PRD7139,Electronics,4928.06,1,2025-06-26,5.0,North,No,None
ORD10358,PRD4236,Electronics,2991.7,1,2026-01-28,4.0,East,No,None
ORD10359,PRD2439,Electronics,1375.81,1,2025-03-13,12.0,East,No,None
ORD10360,PRD4456,Sports,937.03,3,2025-06-11,8.0,West,No,None
ORD10361,PRD7416,Home,2664.88,1,2025-10-27,8.0,East,No,None
ORD10362,PRD3567,Sports,1300.95,1,2025-07-17,3.0,East,No,None
ORD10363,PRD9458,Fashion,1206.76,2,2025-07-19,7.0,East,Yes,Damaged
ORD10364,PRD2960,Fashion,358.58,3,2025-07-17,6.0,West,No,None
ORD10365,PRD8166,Home,1250.92,1,2025-09-24,5.0,East,No,None
ORD10366,PRD3808,Home,1816.38,2,2025-09-27,5.0,East,No,None
ORD10367,PRD3819,Home,2876.93,1,2026-01-15,3.0,North,No,None
ORD10368,PRD4935,Sports,234.32,2,2026-01-11,6.0,South,No,None
ORD10369,PRD9182,Sports,1179.51,2,2025-09-22,7.0,South,No,None
ORD10370,PRD1276,Sports,1256.73,1,2025-03-27,4.0,North,No,None
ORD10371,PRD8537,Sports,1492.78,1,2025-03-22,2.0,North,No,None
ORD10372,PRD7144,Home,599.98,1,2025-08-27,7.0,East,No,None
ORD10373,PRD4175,Home,1565.36,1,2025-11-07,5.0,South,No,None
ORD10374,PRD4655,Home,1969.85,1,2025-12-07,2.0,East,No,None
ORD10375,PRD6647,Fashion,430.67,1,2025-10-12,4.0,South,Yes,Size Issue
ORD10376,PRD3555,Fashion,777.71,2,2025-06-20,5.0,East,Yes,Quality Issue
ORD10377,PRD3368,Electronics,3382.14,3,2025-03-13,4.0,East,No,None
ORD10378,PRD1182,Home,2627.41,1,2025-04-15,3.0,West,No,None
ORD10379,PRD7555,Fashion,1698.31,2,2025-03-14,6.0,West,Yes,Damaged
ORD10380,PRD6585,Sports,820.54,1,2026-01-24,8.0,East,Yes,Damaged
ORD10381,PRD8758,Electronics,500.61,1,2025-07-24,7.0,South,No,None
ORD10382,PRD7056,Fashion,719.6,1,2025-07-27,11.0,North,No,None
ORD10383,PRD5232,Home,2626.33,1,2026-01-24,10.0,North,No,None
ORD10384,PRD9389,Sports,1414.03,1,2025-08-25,2.0,North,No,None
ORD10385,PRD8094,Fashion,536.5,1,2025-10-13,7.0,North,Yes,Size Issue
ORD10386,PRD5888,Fashion,757.25,1,2025-09-19,6.0,South,Yes,Size Issue
ORD10387,PRD3587,Sports,734.18,1,2025-07-16,6.0,East,No,None
ORD10388,PRD6574,Electronics,1337.1,1,2025-05-31,,West,No,None
ORD10389,PRD4237,Home,2245.39,1,2025-05-31,7.0,North,Yes,Damaged
ORD10390,PRD9967,Home,552.03,1,2026-01-12,6.0,North,No,None
ORD10391,PRD2461,Electronics,4505.97,1,2025-10-05,,North,Yes,Quality Issue
ORD10392,PRD8982,Electronics,3596.2,1,2025-06-02,5.0,South,No,None
ORD10393,PRD5493,Fashion,353.42,1,2025-06-02,6.0,South,Yes,Quality Issue
ORD10394,PRD9931,Fashion,1182.35,1,2026-01-26,5.0,West,No,None
ORD10395,PRD3745,Sports,319.49,1,2025-08-26,5.0,North,No,None
ORD10396,PRD5063,Sports,545.97,1,2025-02-27,5.0,South,No,None
ORD10397,PRD1719,Home,2056.42,1,2025-10-06,9.0,North,No,None
ORD10398,PRD7919,Electronics,3227.66,1,2025-04-06,5.0,West,No,None
ORD10399,PRD9680,Electronics,1609.72,1,2025-05-10,3.0,West,Yes,Size Issue
ORD10400,PRD9584,Home,2398.53,3,2026-01-17,12.0,West,No,None
ORD10401,PRD6690,Fashion,632.92,1,2025-03-18,9.0,East,No,None
ORD10402,PRD7410,Electronics,4150.06,1,2026-02-06,7.0,East,No,None
ORD10403,PRD7707,Fashion,793.86,1,2025-04-08,3.0,South,Yes,Size Issue
ORD10404,PRD8763,Sports,460.84,1,2025-07-31,11.0,East,No,None
ORD10405,PRD3783,Electronics,4770.82,3,2025-12-11,10.0,South,No,None
ORD10406,PRD2932,Home,322.92,1,2025-05-24,5.0,North,Yes,Quality Issue
ORD10407,PRD7474,Electronics,2872.55,1,2025-05-01,3.0,West,No,None
ORD10408,PRD3743,Sports,1436.58,1,2026-01-18,4.0,North,No,None
ORD10409,PRD7102,Home,799.08,1,2025-11-07,8.0,North,No,None
ORD10410,PRD2296,Home,1306.58,3,2025-10-25,5.0,South,No,None
ORD10411,PRD4423,Sports,483.91,1,2025-03-31,8.0,West,No,None
ORD10412,PRD6973,Electronics,2745.03,1,2025-05-05,8.0,West,No,None
ORD10413,PRD5009,Home,1976.22,1,2025-10-30,4.0,East,No,None
ORD10414,PRD6722,Fashion,1028.79,1,2026-02-19,7.0,South,No,None
ORD10415,PRD8927,Home,2774.69,3,2025-07-30,6.0,East,No,None
ORD10416,PRD3451,Electronics,646.78,1,2026-02-14,6.0,South,No,None
ORD10417,PRD9307,Electronics,3038.33,1,2026-01-10,9.0,North,No,None
ORD10418,PRD4699,Home,1616.68,1,2025-06-05,4.0,North,No,None
ORD10419,PRD2772,Electronics,4777.07,1,2025-07-09,6.0,North,No,None
ORD10420,PRD2132,Sports,730.64,2,2025-07-24,10.0,North,No,None
ORD10421,PRD9275,Home,1724.62,1,2025-04-02,4.0,West,No,None
ORD10422,PRD5570,Sports,548.58,2,2025-09-03,3.0,East,No,None
ORD10423,PRD4607,Sports,1033.78,1,2025-08-20,4.0,East,No,None
ORD10424,PRD5958,Fashion,1229.39,1,2025-10-27,3.0,South,Yes,Wrong Item
ORD10425,PRD7534,Home,1051.76,1,2025-02-23,9.0,South,No,None
ORD10426,PRD4109,Home,2056.53,1,2026-01-29,6.0,South,No,None
ORD10427,PRD7680,Sports,1252.65,1,2025-04-08,8.0,East,No,None
ORD10428,PRD6141,Electronics,2941.12,1,2025-11-19,3.0,East,No,None
ORD10429,PRD5538,Fashion,1627.07,1,2025-07-09,6.0,South,Yes,Quality Issue
ORD10430,PRD7579,Home,2200.39,1,2025-06-02,8.0,East,No,None
ORD10431,PRD2104,Electronics,2519.66,1,2025-11-18,7.0,East,No,None
ORD10432,PRD1406,Fashion,1539.27,2,2025-05-12,2.0,North,Yes,Size Issue
ORD10433,PRD5357,Sports,1471.01,2,2025-04-24,8.0,West,No,None
ORD10434,PRD3230,Sports,819.95,1,2025-11-18,6.0,West,No,None
ORD10435,PRD7033,Electronics,613.37,2,2025-05-09,7.0,South,No,None
ORD10436,PRD7871,Home,1603.05,1,2025-08-07,3.0,North,No,None
ORD10437,PRD1389,Sports,392.0,2,2025-07-17,5.0,East,No,None
ORD10438,PRD8256,Sports,1064.16,1,2025-02-22,9.0,East,No,None
ORD10439,PRD4277,Sports,1412.65,2,2025-05-14,6.0,West,No,None
ORD10440,PRD8291,Electronics,2969.86,1,2026-01-17,4.0,West,No,None
ORD10441,PRD4168,Electronics,3797.15,1,2025-06-18,4.0,North,No,None
ORD10442,PRD4951,Electronics,3584.5,1,2025-04-08,5.0,North,No,None
ORD10443,PRD4765,Home,1970.39,1,2025-06-28,8.0,West,No,None
ORD10444,PRD6911,Fashion,1900.16,2,2025-09-26,5.0,South,Yes,Wrong Item
ORD10445,PRD2988,Fashion,1497.74,1,2025-09-27,6.0,East,Yes,Size Issue
ORD10446,PRD9399,Fashion,788.68,1,2025-03-14,3.0,East,Yes,Size Issue
ORD10447,PRD7163,Home,1405.05,1,2025-05-15,3.0,South,No,None
ORD10448,PRD3849,Fashion,1940.53,1,2025-11-13,5.0,West,No,None
ORD10449,PRD5195,Home,1873.47,2,2025-04-26,3.0,North,Yes,Quality Issue
ORD10450,PRD5757,Home,2672.38,1,2025-11-25,6.0,South,No,None
ORD10451,PRD9475,Electronics,569.28,1,2025-12-22,6.0,East,No,None
ORD10452,PRD3093,Fashion,1556.99,1,2025-08-05,3.0,South,No,None
ORD10453,PRD4490,Sports,1160.32,2,2025-11-18,8.0,East,No,None
ORD10454,PRD9089,Home,1850.47,1,2025-04-02,4.0,West,No,None
ORD10455,PRD9560,Electronics,4448.62,1,2025-04-08,2.0,North,No,None
ORD10456,PRD5164,Home,893.17,1,2025-04-22,5.0,South,No,None
ORD10457,PRD5426,Sports,259.55,3,2025-07-08,9.0,East,No,None
ORD10458,PRD8610,Home,1723.91,1,2026-02-13,7.0,West,No,None
ORD10459,PRD1690,Fashion,930.89,2,2025-06-07,6.0,North,No,None
ORD10460,PRD3912,Fashion,1761.7,1,2025-08-26,5.0,North,No,None
ORD10461,PRD6307,Fashion,1026.92,1,2025-10-30,3.0,East,Yes,Damaged
ORD10462,PRD8829,Sports,749.29,1,2025-11-07,6.0,East,Yes,Quality Issue
ORD10463,PRD9003,Sports,292.28,1,2025-10-20,5.0,South,No,None
ORD10464,PRD6103,Electronics,817.21,1,2025-03-13,7.0,East,No,None
ORD10465,PRD1802,Sports,540.4,1,2025-11-30,6.0,East,No,None
ORD10466,PRD1060,Home,414.58,2,2025-10-15,5.0,West,No,None
ORD10467,PRD7121,Electronics,2775.35,2,2025-05-28,5.0,North,No,None
ORD10468,PRD3594,Home,742.82,2,2025-05-18,9.0,East,No,None
ORD10469,PRD7968,Home,1909.53,1,2025-08-04,5.0,West,No,None
ORD10470,PRD2647,Home,1402.9,1,2025-05-16,7.0,South,No,None
ORD10471,PRD5757,Fashion,442.04,1,2025-10-13,7.0,East,Yes,Size Issue
ORD10472,PRD9306,Sports,309.86,1,2025-03-03,4.0,East,No,None
ORD10473,PRD1146,Fashion,673.24,3,2025-05-03,13.0,North,No,None
ORD10474,PRD4005,Electronics,2934.07,1,2025-08-14,8.0,North,No,None
ORD10475,PRD6618,Electronics,4417.37,1,2025-10-17,3.0,North,No,None
ORD10476,PRD5390,Sports,1473.59,1,2025-11-16,5.0,North,No,None
ORD10477,PRD1816,Home,1373.96,1,2025-03-09,9.0,East,No,None
ORD10478,PRD8374,Electronics,3327.92,1,2025-07-14,2.0,West,No,None
ORD10479,PRD4904,Electronics,4196.25,2,2026-02-19,5.0,North,No,None
ORD10480,PRD5434,Home,2593.93,2,2025-07-09,3.0,South,No,None
ORD10481,PRD7801,Home,986.47,1,2025-07-06,9.0,West,Yes,Quality Issue
ORD10482,PRD4406,Sports,886.54,3,2025-05-13,5.0,North,No,None
ORD10483,PRD1531,Sports,1422.44,1,2026-01-09,4.0,South,No,None
ORD10484,PRD6626,Sports,1125.7,1,2025-06-07,10.0,South,No,None
ORD10485,PRD1670,Sports,278.75,1,2025-04-09,3.0,West,No,None
ORD10486,PRD7457,Electronics,2844.83,1,2025-12-31,8.0,East,No,None
ORD10487,PRD8871,Sports,1152.04,1,2025-11-12,5.0,South,No,None
ORD10488,PRD1990,Home,1412.86,1,2025-10-23,6.0,South,No,None
ORD10489,PRD4516,Electronics,3707.5,1,2025-06-04,5.0,West,No,None
ORD10490,PRD2629,Fashion,1843.33,1,2025-09-15,6.0,South,No,None
ORD10491,PRD7539,Home,2501.13,1,2025-10-02,5.0,South,No,None
ORD10492,PRD5334,Home,2829.39,1,2025-06-29,6.0,West,No,None
ORD10493,PRD1922,Sports,1262.09,1,2025-09-15,8.0,East,No,None
ORD10494,PRD4940,Sports,647.27,1,2025-11-04,5.0,South,Yes,Damaged
ORD10495,PRD6710,Electronics,3335.18,2,2025-08-15,5.0,West,No,None
ORD10496,PRD9092,Home,2989.24,2,2025-11-05,7.0,North,No,None
ORD10497,PRD6669,Sports,1265.98,2,2025-12-04,8.0,North,No,None
ORD10498,PRD5460,Home,876.19,1,2025-10-31,5.0,East,Yes,Damaged
ORD10499,PRD5594,Fashion,1262.51,1,2025-12-21,5.0,South,Yes,Damaged
ORD10500,PRD9305,Electronics,3930.36,1,2025-09-15,6.0,South,No,None
ORD10501,PRD5804,Electronics,2310.51,1,2025-04-29,14.0,East,No,None
ORD10502,PRD4521,Fashion,535.34,1,2025-04-09,6.0,West,No,None
ORD10503,PRD7838,Sports,862.36,1,2025-04-12,5.0,South,No,None
ORD10504,PRD6232,Fashion,1515.67,1,2025-09-11,11.0,North,No,None
ORD10505,PRD7837,Fashion,487.11,2,2025-07-03,3.0,East,No,None
ORD10506,PRD3505,Fashion,565.55,1,2025-11-07,5.0,West,No,None
ORD10507,PRD8086,Electronics,4268.15,1,2025-06-12,,East,No,None
ORD10508,PRD5875,Sports,1233.79,3,2025-07-01,6.0,South,No,None
ORD10509,PRD4020,Fashion,1273.43,1,2025-12-09,3.0,East,No,None
ORD10510,PRD7055,Home,345.57,1,2025-12-13,4.0,North,No,None
ORD10511,PRD7582,Sports,1082.42,1,2025-04-06,12.0,West,No,None
ORD10512,PRD8382,Sports,1344.19,1,2025-08-18,2.0,South,No,None
ORD10513,PRD4294,Home,1933.18,2,2025-09-30,3.0,West,Yes,Size Issue
ORD10514,PRD4856,Sports,1354.06,1,2025-03-03,8.0,East,No,None
ORD10515,PRD9954,Sports,224.55,2,2025-04-13,5.0,West,No,None
ORD10516,PRD9775,Sports,161.75,1,2025-06-10,6.0,North,No,None
ORD10517,PRD1649,Home,1223.67,1,2025-03-05,3.0,North,No,None
ORD10518,PRD6457,Sports,253.25,3,2025-11-25,5.0,East,No,None
ORD10519,PRD4373,Sports,360.57,1,2025-11-13,6.0,South,No,None
ORD10520,PRD7059,Sports,385.23,2,2025-04-26,5.0,East,No,None
ORD10521,PRD7324,Sports,641.14,1,2025-05-20,6.0,East,No,None
ORD10522,PRD9080,Home,757.89,1,2025-08-06,6.0,West,No,None
ORD10523,PRD8124,Fashion,1100.47,1,2026-01-18,5.0,East,No,None
ORD10524,PRD1226,Sports,699.19,1,2025-09-04,5.0,West,No,None
ORD10525,PRD2932,Electronics,4781.5,1,2025-05-08,6.0,South,No,None
ORD10526,PRD5405,Sports,1459.82,2,2026-01-19,7.0,South,No,None
ORD10527,PRD7263,Sports,373.16,2,2025-07-01,4.0,South,No,None
ORD10528,PRD7855,Home,1799.53,1,2025-09-14,4.0,South,No,None
ORD10529,PRD1698,Sports,901.66,2,2025-11-02,5.0,West,No,None
ORD10530,PRD5820,Fashion,1187.32,1,2025-03-05,6.0,South,No,None
ORD10531,PRD9467,Sports,1162.86,1,2025-11-20,4.0,West,No,None
ORD10532,PRD5204,Home,1016.09,1,2025-06-11,10.0,East,Yes,Quality Issue
ORD10533,PRD2724,Sports,980.59,1,2025-12-03,15.0,West,No,None
ORD10534,PRD2117,Fashion,590.2,1,2025-07-19,2.0,North,No,None
ORD10535,PRD7771,Home,2749.7,1,2025-04-14,3.0,West,No,None
ORD10536,PRD2848,Sports,1403.32,3,2025-04-05,2.0,South,No,None
ORD10537,PRD4871,Home,1503.91,1,2025-05-03,10.0,West,No,None
ORD10538,PRD4303,Fashion,966.56,1,2025-08-10,7.0,North,Yes,Quality Issue
ORD10539,PRD4924,Sports,1404.35,1,2025-06-02,2.0,West,No,None
ORD10540,PRD6831,Electronics,1772.61,1,2026-01-30,2.0,East,No,None
ORD10541,PRD2874,Home,943.39,1,2025-07-17,4.0,West,No,None
ORD10542,PRD8538,Sports,1147.74,1,2025-12-16,5.0,North,Yes,Damaged
ORD10543,PRD4176,Sports,990.63,3,2025-08-25,4.0,South,Yes,Quality Issue
ORD10544,PRD5992,Fashion,883.76,2,2025-09-16,5.0,South,Yes,Size Issue
ORD10545,PRD1183,Sports,518.48,1,2025-10-15,5.0,South,No,None
ORD10546,PRD7653,Fashion,1425.25,1,2026-02-15,6.0,East,Yes,Size Issue
ORD10547,PRD4354,Sports,1208.68,1,2025-06-05,7.0,South,No,None
ORD10548,PRD3398,Fashion,1822.46,2,2025-05-18,4.0,West,Yes,Size Issue
ORD10549,PRD5765,Home,1157.9,1,2025-06-16,3.0,South,No,None
ORD10550,PRD3341,Electronics,2717.69,1,2025-12-19,6.0,West,Yes,Quality Issue
ORD10551,PRD3672,Home,1163.08,1,2025-05-22,11.0,West,No,None
ORD10552,PRD9383,Home,1350.4,1,2025-08-19,2.0,East,No,None
ORD10553,PRD5287,Electronics,944.32,1,2025-03-29,3.0,North,No,None
ORD10554,PRD1584,Home,1865.57,1,2025-08-27,6.0,East,No,None
ORD10555,PRD5939,Home,683.07,1,2025-09-28,13.0,North,Yes,Quality Issue
ORD10556,PRD2719,Home,604.07,1,2026-01-31,7.0,East,No,None
ORD10557,PRD3432,Electronics,1120.48,1,2026-01-21,8.0,South,No,None
ORD10558,PRD7845,Home,345.0,1,2025-07-11,3.0,North,No,None
ORD10559,PRD5524,Fashion,1261.67,1,2025-05-03,8.0,South,No,None
ORD10560,PRD1268,Electronics,1740.91,1,2025-04-21,3.0,South,Yes,Quality Issue
ORD10561,PRD7049,Fashion,1893.09,1,2025-09-06,7.0,South,No,None
ORD10562,PRD7928,Electronics,3716.39,1,2025-04-05,3.0,East,No,None
ORD10563,PRD2003,Home,415.05,1,2025-05-31,7.0,South,No,None
ORD10564,PRD2895,Sports,975.97,1,2026-02-18,12.0,East,No,None
ORD10565,PRD2956,Sports,442.89,1,2025-12-13,4.0,West,No,None
ORD10566,PRD5524,Fashion,585.95,2,2025-12-04,3.0,West,No,None
ORD10567,PRD4558,Electronics,4264.24,1,2026-02-19,10.0,South,No,None
ORD10568,PRD8119,Home,455.85,1,2025-09-05,8.0,East,No,None
ORD10569,PRD5266,Fashion,548.94,2,2025-06-22,4.0,West,No,None
ORD10570,PRD3053,Sports,735.59,1,2025-05-27,4.0,South,No,None
ORD10571,PRD3671,Sports,203.01,1,2025-07-09,7.0,West,No,None
ORD10572,PRD1808,Home,1168.26,1,2025-12-08,11.0,West,No,None
ORD10573,PRD3806,Home,1472.33,1,2026-01-02,4.0,South,No,None
ORD10574,PRD2814,Fashion,1358.68,1,2025-04-08,5.0,East,No,None
ORD10575,PRD3971,Fashion,590.59,1,2025-03-17,,South,Yes,Size Issue
ORD10576,PRD7782,Electronics,735.76,1,2025-04-09,4.0,East,No,None
ORD10577,PRD2620,Electronics,4767.13,1,2025-09-17,4.0,West,No,None
ORD10578,PRD7197,Home,310.3,1,2025-03-10,9.0,East,No,None
ORD10579,PRD5586,Home,894.05,1,2025-08-27,5.0,East,Yes,Damaged
ORD10580,PRD9090,Home,1785.0,1,2025-08-30,5.0,South,No,None
ORD10581,PRD3059,Electronics,4245.64,2,2025-10-31,5.0,West,No,None
ORD10582,PRD6956,Fashion,462.11,1,2026-02-04,6.0,North,Yes,Size Issue
ORD10583,PRD1969,Home,343.62,1,2025-12-10,7.0,East,No,None
ORD10584,PRD6555,Home,805.5,1,2025-08-04,8.0,West,No,None
ORD10585,PRD5933,Home,1211.01,1,2025-11-19,4.0,South,Yes,Damaged
ORD10586,PRD5566,Fashion,628.84,1,2025-09-29,5.0,West,No,None
ORD10587,PRD1931,Electronics,1534.97,1,2025-05-01,9.0,East,No,None
ORD10588,PRD2032,Sports,1262.87,1,2026-01-29,7.0,North,Yes,Size Issue
ORD10589,PRD6929,Electronics,1202.91,3,2025-07-17,4.0,East,No,None
ORD10590,PRD6308,Home,1010.43,1,2026-01-08,5.0,South,No,None
ORD10591,PRD3363,Sports,911.71,2,2025-12-19,2.0,East,No,None
ORD10592,PRD3176,Home,1757.33,1,2025-12-23,4.0,North,No,None
ORD10593,PRD2371,Sports,546.99,1,2025-06-06,8.0,South,No,None
ORD10594,PRD7553,Home,2941.62,1,2025-09-03,5.0,South,No,None
ORD10595,PRD3229,Fashion,1601.91,1,2025-08-21,5.0,South,Yes,Size Issue
ORD10596,PRD5873,Sports,1423.13,1,2026-02-16,7.0,East,Yes,Size Issue
ORD10597,PRD8701,Electronics,4322.51,1,2025-04-02,,West,No,None
ORD10598,PRD7155,Sports,320.62,1,2025-03-02,3.0,South,No,None
ORD10599,PRD8206,Sports,1199.56,1,2025-08-03,4.0,East,No,None
ORD10600,PRD6197,Fashion,385.71,2,2025-07-26,4.0,East,No,None
ORD10601,PRD4977,Fashion,452.79,1,2025-08-01,10.0,West,Yes,Damaged
ORD10602,PRD8189,Fashion,1634.11,3,2025-09-25,5.0,North,No,None
ORD10603,PRD8697,Fashion,802.9,1,2025-06-23,3.0,North,No,None
ORD10604,PRD6874,Fashion,1052.02,1,2026-01-23,7.0,South,Yes,Size Issue
ORD10605,PRD6675,Electronics,4241.83,2,2025-05-29,5.0,East,No,None
ORD10606,PRD1615,Sports,1202.76,1,2026-02-08,2.0,East,No,None
ORD10607,PRD6229,Fashion,456.57,2,2025-10-29,8.0,North,No,None
ORD10608,PRD1325,Home,1736.84,1,2026-01-11,5.0,North,No,None
ORD10609,PRD9832,Sports,336.32,1,2025-04-15,5.0,North,Yes,Size Issue
ORD10610,PRD2581,Home,2474.93,1,2025-06-11,,South,No,None
ORD10611,PRD8493,Sports,575.57,1,2025-07-01,7.0,North,No,None
ORD10612,PRD8371,Sports,1095.83,1,2025-11-07,5.0,East,No,None
ORD10613,PRD7828,Home,722.59,1,2025-05-17,5.0,East,No,None
ORD10614,PRD6162,Home,832.89,1,2026-02-01,3.0,South,No,None
ORD10615,PRD8244,Sports,1191.54,1,2025-10-18,3.0,West,No,None
ORD10616,PRD7582,Fashion,381.76,1,2025-03-03,2.0,East,Yes,Size Issue
ORD10617,PRD2907,Fashion,1410.01,1,2026-02-10,8.0,East,Yes,Damaged
ORD10618,PRD1262,Home,2741.66,3,2025-07-24,8.0,West,No,None
ORD10619,PRD2652,Electronics,594.2,1,2025-11-16,8.0,South,No,None
ORD10620,PRD6599,Electronics,3542.47,1,2026-02-03,11.0,East,No,None
ORD10621,PRD4569,Sports,932.64,1,2025-04-15,5.0,North,No,None
ORD10622,PRD3381,Home,2042.69,3,2025-09-16,3.0,West,No,None
ORD10623,PRD1946,Fashion,958.37,1,2025-04-25,5.0,South,Yes,Damaged
ORD10624,PRD8657,Home,2016.54,3,2025-08-08,4.0,North,No,None
ORD10625,PRD7106,Sports,551.44,1,2025-08-27,4.0,North,No,None
ORD10626,PRD9693,Fashion,665.36,1,2025-08-17,9.0,East,Yes,Size Issue
ORD10627,PRD3339,Fashion,1200.95,1,2025-03-24,10.0,South,Yes,Damaged
ORD10628,PRD9750,Home,1411.76,1,2025-03-09,6.0,South,No,None
ORD10629,PRD4715,Fashion,436.32,1,2025-06-08,10.0,West,No,None
ORD10630,PRD1692,Home,2834.46,1,2026-02-01,12.0,North,No,None
ORD10631,PRD8211,Sports,1232.27,1,2025-05-26,15.0,South,No,None
ORD10632,PRD3080,Fashion,1676.45,3,2025-07-25,5.0,South,Yes,Damaged
ORD10633,PRD2184,Home,570.1,1,2025-08-19,2.0,West,Yes,Wrong Item
ORD10634,PRD1421,Electronics,4574.92,2,2025-05-26,8.0,West,No,None
ORD10635,PRD7748,Sports,898.83,2,2025-07-04,5.0,East,No,None
ORD10636,PRD6882,Sports,1319.49,1,2025-10-02,4.0,East,No,None
ORD10637,PRD5524,Fashion,401.3,1,2025-04-03,4.0,East,Yes,Quality Issue
ORD10638,PRD4854,Home,1437.13,1,2026-01-25,7.0,North,No,None
ORD10639,PRD6515,Home,2593.46,3,2025-04-28,5.0,East,No,None
ORD10640,PRD5270,Sports,159.9,1,2025-07-06,6.0,North,No,None
ORD10641,PRD4899,Fashion,1931.64,1,2025-03-07,8.0,South,Yes,Quality Issue
ORD10642,PRD3313,Home,1849.8,1,2025-12-23,4.0,North,No,None
ORD10643,PRD4917,Electronics,1247.34,1,2025-07-04,7.0,East,Yes,Wrong Item
ORD10644,PRD2819,Fashion,1443.06,1,2025-05-23,6.0,East,No,None
ORD10645,PRD7280,Sports,1031.51,1,2025-04-29,4.0,South,Yes,Wrong Item
ORD10646,PRD6911,Sports,304.92,1,2025-09-05,3.0,South,No,None
ORD10647,PRD3897,Fashion,1299.08,1,2025-08-14,10.0,East,No,None
ORD10648,PRD2784,Home,2390.79,3,2025-12-26,7.0,South,No,None
ORD10649,PRD5658,Home,2939.02,1,2025-11-22,5.0,East,No,None
ORD10650,PRD9890,Electronics,4246.75,2,2025-10-31,4.0,North,No,None
ORD10651,PRD1126,Home,1487.0,1,2025-06-26,6.0,South,Yes,Wrong Item
ORD10652,PRD5539,Electronics,1098.54,1,2025-09-22,9.0,West,Yes,Quality Issue
ORD10653,PRD5758,Home,2073.81,1,2026-02-07,5.0,East,No,None
ORD10654,PRD4534,Electronics,3451.56,1,2026-02-02,6.0,South,Yes,Wrong Item
ORD10655,PRD5530,Fashion,1104.15,1,2026-02-02,4.0,North,No,None
ORD10656,PRD8966,Electronics,3807.61,1,2025-05-08,5.0,West,No,None
ORD10657,PRD7772,Sports,959.05,1,2025-03-17,5.0,North,No,None
ORD10658,PRD3296,Electronics,3805.74,1,2025-07-12,3.0,East,No,None
ORD10659,PRD2378,Electronics,911.4,1,2025-10-19,5.0,West,No,None
ORD10660,PRD3048,Sports,521.97,1,2025-06-26,6.0,North,No,None
ORD10661,PRD1220,Home,2463.51,1,2025-08-21,10.0,North,No,None
ORD10662,PRD5576,Fashion,607.99,1,2025-03-26,5.0,North,No,None
ORD10663,PRD6753,Fashion,1346.22,1,2025-03-31,7.0,South,No,None
ORD10664,PRD7899,Fashion,781.58,1,2026-01-15,6.0,West,No,None
ORD10665,PRD7297,Sports,509.1,1,2025-12-25,7.0,North,No,None
ORD10666,PRD1622,Fashion,1687.33,1,2025-06-09,7.0,East,Yes,Quality Issue
ORD10667,PRD8533,Sports,1361.47,1,2025-05-30,10.0,South,No,None
ORD10668,PRD5471,Electronics,3537.02,1,2025-05-04,8.0,South,No,None
ORD10669,PRD1571,Home,1937.04,2,2026-01-27,11.0,South,No,None
ORD10670,PRD3244,Home,623.84,1,2025-11-23,5.0,North,No,None
ORD10671,PRD4084,Fashion,1277.6,1,2025-05-01,5.0,East,No,None
ORD10672,PRD3933,Sports,1156.04,1,2026-01-01,2.0,South,No,None
ORD10673,PRD5239,Sports,1377.49,1,2025-09-25,5.0,East,No,None
ORD10674,PRD8088,Home,2877.62,1,2025-12-22,3.0,East,No,None
ORD10675,PRD6810,Sports,261.25,1,2025-05-14,9.0,East,No,None
ORD10676,PRD2030,Home,2398.23,1,2025-02-26,7.0,East,No,None
ORD10677,PRD4197,Electronics,741.98,1,2026-01-17,6.0,East,No,None
ORD10678,PRD5994,Home,2611.97,1,2025-05-21,3.0,South,No,None
ORD10679,PRD8389,Home,2473.45,2,2025-10-02,8.0,East,Yes,Quality Issue
ORD10680,PRD1190,Sports,1064.93,1,2025-10-24,5.0,East,No,None
ORD10681,PRD2754,Sports,1296.28,1,2025-04-02,8.0,South,No,None
ORD10682,PRD9881,Home,2217.08,1,2025-09-17,5.0,North,No,None
ORD10683,PRD7146,Sports,1410.72,1,2025-11-17,7.0,North,No,None
ORD10684,PRD3939,Sports,337.98,1,2025-09-14,5.0,East,No,None
ORD10685,PRD7414,Fashion,1373.34,1,2025-08-29,11.0,North,Yes,Wrong Item
ORD10686,PRD2907,Electronics,1496.83,1,2025-05-10,5.0,North,No,None
ORD10687,PRD2990,Electronics,649.71,1,2025-03-30,3.0,East,No,None
ORD10688,PRD5435,Electronics,2348.19,2,2025-11-19,9.0,West,No,None
ORD10689,PRD8440,Sports,496.47,1,2025-05-16,7.0,South,No,None
ORD10690,PRD7468,Electronics,4643.11,1,2025-06-05,6.0,North,No,None
ORD10691,PRD6953,Electronics,2992.21,1,2025-09-22,,East,No,None
ORD10692,PRD3925,Electronics,3758.13,2,2025-05-28,7.0,West,No,None
ORD10693,PRD4153,Home,1249.51,1,2025-12-01,4.0,East,Yes,Size Issue
ORD10694,PRD6583,Fashion,391.51,1,2025-04-17,6.0,West,No,None
ORD10695,PRD4020,Electronics,2498.83,1,2025-05-10,8.0,South,Yes,Wrong Item
ORD10696,PRD4779,Home,2462.59,1,2025-11-10,8.0,South,No,None
ORD10697,PRD6187,Fashion,977.69,2,2025-12-02,7.0,South,No,None
ORD10698,PRD2867,Fashion,699.08,2,2025-06-28,10.0,East,Yes,Size Issue
ORD10699,PRD1240,Electronics,1551.05,1,2025-05-14,5.0,North,No,None
ORD10700,PRD9802,Fashion,940.67,2,2025-09-20,8.0,East,Yes,Size Issue
ORD10701,PRD8325,Sports,1107.01,3,2025-12-11,5.0,North,No,None
ORD10702,PRD8607,Fashion,1520.49,1,2025-04-18,3.0,East,No,None
ORD10703,PRD7996,Electronics,1033.97,1,2025-09-27,7.0,West,No,None
ORD10704,PRD1060,Fashion,322.49,1,2025-04-26,9.0,West,No,None
ORD10705,PRD1534,Home,757.82,1,2026-01-21,9.0,North,No,None
ORD10706,PRD9518,Sports,1083.18,1,2025-06-25,5.0,West,No,None
ORD10707,PRD7943,Electronics,3404.9,1,2025-04-19,3.0,South,No,None
ORD10708,PRD6398,Home,967.17,3,2025-04-05,12.0,North,Yes,Damaged
ORD10709,PRD9895,Home,2853.78,1,2025-04-16,8.0,West,No,None
ORD10710,PRD8798,Sports,1196.57,1,2025-05-10,6.0,North,No,None
ORD10711,PRD3728,Home,2288.01,2,2025-12-04,8.0,East,No,None
ORD10712,PRD4644,Fashion,1441.39,2,2025-03-02,3.0,South,No,None
ORD10713,PRD7269,Sports,328.56,1,2025-08-30,7.0,East,No,None
ORD10714,PRD5151,Sports,1089.71,1,2025-07-25,7.0,West,No,None
ORD10715,PRD5593,Fashion,606.27,1,2025-09-07,5.0,North,No,None
ORD10716,PRD1992,Home,356.07,1,2025-06-17,5.0,North,No,None
ORD10717,PRD5704,Electronics,1542.2,2,2026-02-07,5.0,South,No,None
ORD10718,PRD3883,Electronics,1001.69,1,2025-05-25,4.0,East,No,None
ORD10719,PRD1924,Sports,259.29,2,2025-04-03,4.0,North,No,None
ORD10720,PRD2552,Electronics,4506.06,1,2025-07-02,11.0,West,No,None
ORD10721,PRD5654,Home,352.63,1,2025-07-25,5.0,North,No,None
ORD10722,PRD3905,Sports,807.97,1,2025-08-13,12.0,South,No,None
ORD10723,PRD1786,Electronics,1846.54,1,2025-08-23,5.0,East,No,None
ORD10724,PRD9857,Home,2960.15,1,2025-06-18,6.0,South,No,None
ORD10725,PRD2212,Fashion,971.59,1,2025-11-13,3.0,West,No,None
ORD10726,PRD4228,Home,1199.55,1,2026-01-22,7.0,South,No,None
ORD10727,PRD5185,Fashion,796.25,1,2025-12-18,5.0,East,No,None
ORD10728,PRD3506,Fashion,1026.08,1,2025-07-10,,North,No,None
ORD10729,PRD3941,Fashion,1433.44,1,2025-12-21,2.0,South,Yes,Size Issue
ORD10730,PRD4276,Home,1285.55,1,2025-06-30,4.0,East,No,None
ORD10731,PRD8489,Sports,1466.8,1,2025-08-01,11.0,South,Yes,Damaged
ORD10732,PRD1277,Fashion,857.33,2,2025-09-30,5.0,West,No,None
ORD10733,PRD8727,Home,1152.01,2,2025-06-07,3.0,East,No,None
ORD10734,PRD7666,Home,1404.97,1,2025-03-15,8.0,North,No,None
ORD10735,PRD7085,Electronics,2831.35,1,2025-11-14,7.0,South,No,None
ORD10736,PRD9738,Home,2868.74,1,2025-07-10,4.0,East,No,None
ORD10737,PRD4240,Fashion,1534.34,1,2025-10-01,6.0,West,Yes,Size Issue
ORD10738,PRD6204,Fashion,1827.2,1,2025-03-11,10.0,North,No,None
ORD10739,PRD1773,Sports,593.32,1,2025-07-10,5.0,West,No,None
ORD10740,PRD1739,Fashion,1682.35,1,2025-12-09,3.0,West,No,None
ORD10741,PRD9943,Fashion,1574.92,2,2025-10-14,5.0,East,No,None
ORD10742,PRD7998,Home,1006.06,1,2025-12-11,2.0,West,No,None
ORD10743,PRD6961,Home,314.62,1,2025-04-12,7.0,West,No,None
ORD10744,PRD9084,Sports,392.46,1,2025-03-31,5.0,East,No,None
ORD10745,PRD3779,Electronics,2555.68,2,2025-12-15,4.0,South,No,None
ORD10746,PRD9216,Home,2417.42,1,2025-10-10,9.0,North,No,None
ORD10747,PRD9646,Sports,1424.1,1,2025-08-14,5.0,South,No,None
ORD10748,PRD5530,Fashion,888.53,1,2025-11-01,5.0,North,No,None
ORD10749,PRD1308,Fashion,987.21,3,2025-09-02,12.0,West,No,None
ORD10750,PRD5620,Sports,848.23,2,2025-09-18,5.0,East,No,None
ORD10751,PRD4381,Sports,579.35,2,2025-12-26,3.0,South,No,None
ORD10752,PRD1004,Fashion,1228.89,1,2025-12-02,4.0,West,No,None
ORD10753,PRD4326,Sports,1373.42,1,2025-05-13,5.0,South,No,None
ORD10754,PRD6092,Home,2811.19,1,2025-03-08,2.0,South,No,None
ORD10755,PRD4044,Electronics,3419.07,2,2026-01-19,4.0,South,No,None
ORD10756,PRD6481,Sports,1376.92,1,2026-02-10,5.0,West,No,None
ORD10757,PRD7154,Sports,982.44,1,2025-09-29,5.0,North,No,None
ORD10758,PRD5314,Home,785.47,1,2025-07-14,5.0,East,No,None
ORD10759,PRD7479,Home,258.83,1,2025-05-21,8.0,West,Yes,Wrong Item
ORD10760,PRD4908,Fashion,1378.75,1,2025-05-30,3.0,South,Yes,Size Issue
ORD10761,PRD2388,Sports,1247.63,1,2026-01-10,6.0,East,No,None
ORD10762,PRD2223,Electronics,4682.32,1,2025-07-13,7.0,North,No,None
ORD10763,PRD5277,Home,769.77,3,2026-02-06,6.0,West,No,None
ORD10764,PRD5310,Sports,472.67,1,2025-03-01,9.0,South,No,None
ORD10765,PRD6629,Home,2030.04,1,2025-11-07,5.0,East,No,None
ORD10766,PRD4407,Sports,461.02,1,2025-02-21,4.0,South,No,None
ORD10767,PRD1250,Home,2623.6,1,2025-10-24,4.0,North,No,None
ORD10768,PRD2173,Sports,1096.48,1,2025-09-07,,North,No,None
ORD10769,PRD1246,Fashion,365.28,1,2025-08-07,,East,No,None
ORD10770,PRD5784,Sports,635.62,1,2025-03-19,5.0,West,No,None
ORD10771,PRD4491,Home,2152.07,1,2025-10-20,,North,Yes,Damaged
ORD10772,PRD7851,Home,2647.24,1,2025-10-24,6.0,East,No,None
ORD10773,PRD1164,Electronics,1808.95,1,2026-01-19,7.0,North,No,None
ORD10774,PRD5157,Sports,552.11,1,2026-02-20,4.0,North,No,None
ORD10775,PRD1579,Home,2831.79,1,2025-11-13,5.0,North,No,None
ORD10776,PRD1452,Fashion,1082.6,1,2025-06-28,3.0,West,Yes,Wrong Item
ORD10777,PRD4149,Electronics,3946.41,1,2025-07-15,,North,No,None
ORD10778,PRD4516,Sports,728.27,1,2025-12-23,2.0,South,No,None
ORD10779,PRD1445,Electronics,4063.97,3,2025-06-08,5.0,South,No,None
ORD10780,PRD5025,Home,1922.2,2,2025-12-29,11.0,West,No,None
ORD10781,PRD1693,Electronics,4814.92,1,2025-03-10,5.0,North,No,None
ORD10782,PRD2407,Electronics,4994.57,1,2025-11-24,5.0,West,No,None
ORD10783,PRD5332,Fashion,408.63,1,2025-08-11,3.0,North,No,None
ORD10784,PRD7102,Fashion,869.29,1,2025-05-18,8.0,North,No,None
ORD10785,PRD7354,Sports,273.29,1,2025-04-03,11.0,North,Yes,Size Issue
ORD10786,PRD1574,Fashion,1477.95,1,2025-10-24,6.0,North,No,None
ORD10787,PRD7567,Electronics,750.68,1,2025-07-28,5.0,West,Yes,Damaged
ORD10788,PRD2687,Fashion,802.22,1,2025-09-19,6.0,North,No,None
ORD10789,PRD6398,Electronics,4530.77,1,2025-11-12,8.0,West,No,None
ORD10790,PRD1418,Fashion,1654.3,1,2025-07-18,4.0,North,No,None
ORD10791,PRD2545,Home,601.93,1,2025-06-03,6.0,South,No,None
ORD10792,PRD8194,Sports,1315.63,1,2025-05-13,9.0,South,No,None
ORD10793,PRD6281,Home,1288.55,1,2025-09-09,4.0,East,No,None
ORD10794,PRD5689,Electronics,2812.8,1,2025-08-06,12.0,North,No,None
ORD10795,PRD3241,Home,684.47,1,2025-12-21,7.0,South,Yes,Quality Issue
ORD10796,PRD6816,Home,1574.86,1,2025-08-17,2.0,West,No,None
ORD10797,PRD7606,Fashion,1389.74,1,2026-01-13,7.0,East,No,None
ORD10798,PRD3042,Home,1588.92,1,2025-04-06,7.0,South,No,None
ORD10799,PRD2101,Fashion,1734.48,1,2025-02-23,3.0,South,Yes,Size Issue
ORD10800,PRD9879,Electronics,3291.06,1,2025-02-24,3.0,West,No,None
ORD10801,PRD8890,Electronics,3750.85,1,2025-09-13,5.0,West,No,None
ORD10802,PRD1151,Home,1371.37,1,2026-02-12,3.0,South,No,None
ORD10803,PRD4127,Sports,733.51,1,2025-12-19,9.0,East,No,None
ORD10804,PRD6360,Home,1979.77,3,2025-05-08,5.0,West,No,None
ORD10805,PRD3581,Home,583.75,2,2025-09-24,10.0,East,No,None
ORD10806,PRD9684,Sports,867.5,1,2025-04-18,8.0,West,No,None
ORD10807,PRD6666,Home,929.98,1,2026-01-13,4.0,South,No,None
ORD10808,PRD8746,Sports,186.56,1,2025-04-27,10.0,East,No,None
ORD10809,PRD3785,Fashion,1058.49,1,2025-03-31,10.0,East,Yes,Size Issue
ORD10810,PRD5845,Fashion,813.06,2,2026-01-26,3.0,West,Yes,Size Issue
ORD10811,PRD9240,Sports,508.5,2,2025-07-03,2.0,South,Yes,Damaged
ORD10812,PRD5777,Home,2136.6,1,2025-10-03,3.0,South,Yes,Quality Issue
ORD10813,PRD2932,Electronics,1702.15,2,2025-05-23,9.0,North,No,None
ORD10814,PRD4933,Fashion,1356.58,1,2025-02-27,3.0,North,Yes,Size Issue
ORD10815,PRD7881,Electronics,4257.38,1,2026-02-06,6.0,West,No,None
ORD10816,PRD5732,Fashion,879.64,3,2025-02-23,8.0,North,No,None
ORD10817,PRD7240,Fashion,1484.37,1,2025-03-13,5.0,South,No,None
ORD10818,PRD5042,Home,2009.67,1,2025-05-30,6.0,West,No,None
ORD10819,PRD8210,Fashion,1300.22,1,2025-09-18,3.0,North,No,None
ORD10820,PRD9772,Electronics,2421.03,1,2025-08-28,11.0,South,No,None
ORD10821,PRD1501,Electronics,797.25,3,2025-08-16,13.0,North,No,None
ORD10822,PRD6820,Electronics,3480.04,1,2025-10-14,3.0,North,No,None
ORD10823,PRD1122,Sports,203.73,1,2025-04-08,10.0,West,No,None
ORD10824,PRD1148,Fashion,1440.3,2,2025-08-25,6.0,South,No,None
ORD10825,PRD5551,Sports,752.3,1,2025-03-13,4.0,South,No,None
ORD10826,PRD3311,Fashion,1329.78,1,2025-05-24,6.0,East,No,None
ORD10827,PRD5597,Sports,1323.98,1,2025-03-29,3.0,East,No,None
ORD10828,PRD1847,Fashion,383.31,1,2025-03-06,15.0,North,Yes,Quality Issue
ORD10829,PRD5311,Electronics,619.74,1,2025-09-28,7.0,North,No,None
ORD10830,PRD1282,Fashion,520.76,1,2025-06-29,3.0,South,Yes,Size Issue
ORD10831,PRD1066,Fashion,1283.89,1,2025-04-27,3.0,South,No,None
ORD10832,PRD3251,Fashion,1570.79,2,2025-09-20,6.0,North,No,None
ORD10833,PRD4549,Electronics,1249.27,1,2026-01-17,4.0,West,No,None
ORD10834,PRD9089,Electronics,1452.71,1,2025-03-27,12.0,West,No,None
ORD10835,PRD3063,Home,2008.6,1,2025-11-18,7.0,East,No,None
ORD10836,PRD2603,Home,2798.44,1,2025-05-06,,East,No,None
ORD10837,PRD4787,Home,2660.49,1,2025-08-15,7.0,North,No,None
ORD10838,PRD2667,Sports,761.39,2,2025-03-20,6.0,West,No,None
ORD10839,PRD6231,Fashion,458.13,1,2025-09-25,6.0,East,No,None
ORD10840,PRD5402,Fashion,1069.02,1,2026-02-12,3.0,West,Yes,Size Issue
ORD10841,PRD8633,Fashion,511.85,1,2025-04-27,7.0,West,Yes,Size Issue
ORD10842,PRD2308,Fashion,592.74,1,2025-08-27,6.0,North,No,None
ORD10843,PRD7704,Electronics,1325.41,1,2025-04-20,7.0,South,No,None
ORD10844,PRD3542,Home,2435.96,1,2025-09-19,9.0,South,No,None
ORD10845,PRD5235,Electronics,2435.64,1,2026-02-10,6.0,South,No,None
ORD10846,PRD4145,Home,689.39,2,2025-07-07,6.0,West,Yes,Damaged
ORD10847,PRD8281,Fashion,894.19,1,2025-08-09,2.0,North,No,None
ORD10848,PRD6560,Electronics,4203.52,1,2025-11-17,12.0,South,No,None
ORD10849,PRD9511,Fashion,328.75,2,2025-11-02,4.0,West,No,None
ORD10850,PRD8141,Electronics,1693.27,1,2025-05-23,4.0,West,No,None
ORD10851,PRD7379,Electronics,1110.86,3,2025-07-07,3.0,North,No,None
ORD10852,PRD1541,Fashion,761.92,2,2025-08-24,4.0,North,No,None
ORD10853,PRD5675,Electronics,3690.34,2,2025-08-02,8.0,North,Yes,Damaged
ORD10854,PRD9363,Sports,1132.09,1,2026-02-07,5.0,South,No,None
ORD10855,PRD2129,Sports,975.04,3,2025-08-01,6.0,East,No,None
ORD10856,PRD1885,Home,1039.65,1,2025-12-30,8.0,North,No,None
ORD10857,PRD7841,Electronics,4489.68,1,2025-03-03,6.0,South,No,None
ORD10858,PRD3147,Sports,188.88,1,2025-08-20,4.0,South,No,None
ORD10859,PRD3428,Sports,989.67,2,2026-01-15,4.0,West,No,None
ORD10860,PRD5868,Home,2334.61,1,2025-09-23,11.0,West,No,None
ORD10861,PRD1701,Home,1650.44,1,2025-08-06,7.0,North,No,None
ORD10862,PRD8776,Home,2950.32,1,2026-02-07,4.0,North,No,None
ORD10863,PRD8856,Fashion,1315.98,1,2025-07-31,6.0,North,No,None
ORD10864,PRD9989,Fashion,909.86,3,2025-07-24,5.0,North,No,None
ORD10865,PRD2392,Fashion,1661.39,1,2025-09-24,6.0,North,No,None
ORD10866,PRD7985,Electronics,2587.71,1,2025-05-01,9.0,South,No,None
ORD10867,PRD5006,Sports,1002.58,1,2025-07-21,5.0,West,Yes,Quality Issue
ORD10868,PRD7376,Fashion,1622.57,1,2025-05-10,5.0,North,No,None
ORD10869,PRD2209,Fashion,512.89,1,2025-06-20,9.0,East,Yes,Quality Issue
ORD10870,PRD3370,Fashion,1941.92,1,2025-07-03,12.0,North,No,None
ORD10871,PRD1964,Electronics,3530.39,1,2025-09-18,3.0,North,No,None
ORD10872,PRD2196,Sports,1483.82,1,2026-02-11,15.0,South,No,None
ORD10873,PRD2013,Home,1351.16,1,2025-12-16,5.0,North,No,None
ORD10874,PRD1754,Fashion,757.06,3,2025-03-23,8.0,South,No,None
ORD10875,PRD5601,Fashion,1561.44,1,2026-01-09,6.0,South,No,None
ORD10876,PRD8766,Electronics,4149.21,1,2026-02-17,3.0,East,No,None
ORD10877,PRD9547,Sports,1361.67,2,2025-08-07,5.0,East,No,None
ORD10878,PRD6835,Fashion,641.55,2,2025-07-28,3.0,North,No,None
ORD10879,PRD9802,Home,619.75,1,2025-07-31,4.0,South,Yes,Size Issue
ORD10880,PRD9222,Home,600.57,1,2025-06-05,2.0,South,No,None
ORD10881,PRD3739,Electronics,4564.36,1,2026-01-03,3.0,South,No,None
ORD10882,PRD3975,Fashion,1124.99,1,2025-10-03,6.0,North,No,None
ORD10883,PRD8727,Electronics,877.06,1,2025-05-25,3.0,South,No,None
ORD10884,PRD5792,Home,534.46,1,2025-04-30,5.0,South,No,None
ORD10885,PRD3263,Fashion,1437.75,2,2026-01-18,4.0,South,No,None
ORD10886,PRD1727,Sports,1330.93,1,2025-08-17,6.0,East,No,None
ORD10887,PRD2550,Sports,280.46,1,2025-09-16,7.0,West,No,None
ORD10888,PRD5241,Home,1370.08,1,2025-12-28,5.0,West,Yes,Wrong Item
ORD10889,PRD9624,Electronics,4165.81,2,2025-04-18,5.0,South,No,None
ORD10890,PRD6906,Electronics,2718.42,1,2025-07-21,5.0,North,No,None
ORD10891,PRD6649,Electronics,1999.85,1,2025-03-09,10.0,South,No,None
ORD10892,PRD9804,Fashion,867.88,1,2025-09-10,8.0,East,Yes,Size Issue
ORD10893,PRD5317,Home,789.29,1,2025-10-05,6.0,West,Yes,Damaged
ORD10894,PRD9106,Sports,525.45,1,2025-07-04,5.0,West,No,None
ORD10895,PRD2672,Sports,1046.44,1,2025-06-03,5.0,North,No,None
ORD10896,PRD3860,Fashion,1291.82,1,2025-06-21,4.0,South,Yes,Damaged
ORD10897,PRD8710,Sports,405.13,1,2025-10-02,4.0,West,No,None
ORD10898,PRD4513,Sports,316.98,1,2026-02-02,5.0,West,Yes,Size Issue
ORD10899,PRD9328,Sports,762.32,1,2025-08-21,7.0,East,No,None
ORD10900,PRD3907,Home,1273.49,2,2025-05-31,7.0,East,Yes,Damaged
ORD10901,PRD3510,Electronics,2928.48,1,2025-06-30,6.0,West,No,None
ORD10902,PRD4237,Home,2578.5,1,2025-09-02,3.0,North,Yes,Quality Issue
ORD10903,PRD1561,Fashion,1128.54,1,2025-08-30,7.0,East,Yes,Size Issue
ORD10904,PRD9266,Home,768.04,1,2025-03-07,3.0,South,No,None
ORD10905,PRD9563,Sports,171.4,1,2025-04-30,4.0,South,No,None
ORD10906,PRD5466,Home,356.59,1,2026-02-08,5.0,North,Yes,Quality Issue
ORD10907,PRD2541,Fashion,317.02,2,2025-03-04,4.0,South,No,None
ORD10908,PRD3972,Electronics,2745.99,1,2025-07-12,2.0,North,Yes,Damaged
ORD10909,PRD6463,Fashion,736.61,1,2025-11-27,4.0,West,No,None
ORD10910,PRD4285,Fashion,540.11,2,2026-01-18,4.0,West,No,None
ORD10911,PRD7854,Home,2703.22,1,2025-10-12,3.0,North,No,None
ORD10912,PRD4793,Fashion,983.84,1,2025-06-06,9.0,North,No,None
ORD10913,PRD8642,Sports,1193.33,2,2025-12-03,6.0,East,No,None
ORD10914,PRD6560,Electronics,4093.04,1,2025-05-23,8.0,East,Yes,Quality Issue
ORD10915,PRD5581,Sports,245.05,1,2025-02-27,5.0,North,No,None
ORD10916,PRD7035,Home,2003.8,1,2026-01-09,5.0,East,No,None
ORD10917,PRD3413,Fashion,1225.01,1,2025-12-21,5.0,North,Yes,Damaged
ORD10918,PRD4110,Home,1004.06,1,2025-05-05,5.0,East,Yes,Quality Issue
ORD10919,PRD2658,Home,2974.1,2,2026-01-25,9.0,East,No,None
ORD10920,PRD6578,Sports,826.18,3,2025-06-07,5.0,West,No,None
ORD10921,PRD4293,Fashion,1878.23,1,2025-10-03,9.0,West,No,None
ORD10922,PRD6988,Fashion,919.76,2,2025-10-14,6.0,North,No,None
ORD10923,PRD7400,Home,1275.05,1,2025-12-05,9.0,South,No,None
ORD10924,PRD8777,Electronics,1142.54,1,2025-09-07,7.0,South,No,None
ORD10925,PRD8490,Sports,1057.27,1,2025-12-19,2.0,West,No,None
ORD10926,PRD3722,Electronics,1236.27,1,2025-09-27,2.0,South,No,None
ORD10927,PRD2918,Electronics,4498.89,1,2025-09-29,4.0,West,No,None
ORD10928,PRD6324,Electronics,1915.54,1,2025-11-09,6.0,North,No,None
ORD10929,PRD7382,Fashion,1051.97,1,2025-10-11,5.0,West,No,None
ORD10930,PRD9880,Electronics,4905.14,1,2025-08-03,6.0,South,Yes,Damaged
ORD10931,PRD7528,Sports,1179.3,2,2025-11-15,4.0,North,No,None
ORD10932,PRD4306,Home,1369.58,1,2025-03-14,5.0,West,No,None
ORD10933,PRD6212,Sports,159.93,1,2025-06-28,3.0,East,No,None
ORD10934,PRD5335,Fashion,1218.94,1,2026-01-19,7.0,West,No,None
ORD10935,PRD8595,Electronics,2937.19,1,2025-06-14,6.0,East,No,None
ORD10936,PRD1743,Home,368.3,2,2026-02-12,5.0,West,No,None
ORD10937,PRD8002,Electronics,677.38,1,2025-03-23,11.0,South,No,None
ORD10938,PRD1667,Home,277.95,1,2026-01-13,,East,No,None
ORD10939,PRD4620,Home,1781.87,1,2025-04-13,8.0,South,Yes,Wrong Item
ORD10940,PRD6501,Home,1122.69,1,2026-02-17,5.0,West,No,None
ORD10941,PRD4548,Fashion,1784.71,1,2025-03-11,6.0,West,Yes,Quality Issue
ORD10942,PRD5712,Sports,214.5,1,2026-01-18,4.0,East,No,None
ORD10943,PRD5009,Sports,670.5,2,2025-10-02,4.0,West,No,None
ORD10944,PRD1225,Fashion,1297.47,1,2025-09-18,5.0,North,Yes,Quality Issue
ORD10945,PRD7558,Home,906.0,1,2025-05-23,6.0,West,No,None
ORD10946,PRD4385,Home,2647.67,1,2025-11-25,2.0,East,No,None
ORD10947,PRD5134,Electronics,2926.37,3,2025-06-04,5.0,East,No,None
ORD10948,PRD6153,Fashion,1994.64,1,2026-01-04,5.0,West,Yes,Quality Issue
ORD10949,PRD9101,Sports,618.84,1,2026-02-19,9.0,East,No,None
ORD10950,PRD5607,Fashion,1748.35,1,2026-01-04,11.0,West,No,None
ORD10951,PRD6791,Fashion,1063.44,1,2025-08-29,6.0,West,No,None
ORD10952,PRD5647,Home,1963.64,1,2026-01-06,2.0,South,Yes,Damaged
ORD10953,PRD3739,Sports,1279.59,1,2025-10-15,4.0,South,No,None
ORD10954,PRD1292,Sports,651.98,1,2025-06-27,6.0,North,No,None
ORD10955,PRD3272,Home,1528.47,1,2025-03-04,7.0,West,No,None
ORD10956,PRD3488,Electronics,4345.32,1,2026-01-30,8.0,West,Yes,Damaged
ORD10957,PRD8869,Electronics,3862.56,1,2025-12-30,4.0,East,No,None
ORD10958,PRD1028,Fashion,1931.63,1,2025-12-10,15.0,West,No,None
ORD10959,PRD6062,Fashion,911.09,2,2025-12-14,10.0,West,Yes,Size Issue
ORD10960,PRD1614,Home,2074.08,2,2026-02-14,7.0,West,No,None
ORD10961,PRD4696,Electronics,4852.98,1,2025-07-23,7.0,North,No,None
ORD10962,PRD3577,Fashion,1051.51,1,2026-01-19,5.0,North,Yes,Damaged
ORD10963,PRD7861,Home,1225.6,1,2025-05-24,4.0,South,No,None
ORD10964,PRD1597,Electronics,1327.16,1,2025-11-07,5.0,West,Yes,Quality Issue
ORD10965,PRD5086,Electronics,3863.81,1,2025-07-31,3.0,West,No,None
ORD10966,PRD2069,Sports,1264.56,1,2025-09-28,10.0,East,No,None
ORD10967,PRD8233,Home,2646.63,1,2025-07-20,5.0,East,No,None
ORD10968,PRD9780,Home,1197.5,1,2026-01-09,5.0,East,No,None
ORD10969,PRD5798,Fashion,349.51,1,2025-12-13,6.0,North,No,None
ORD10970,PRD5543,Home,1656.38,1,2026-01-16,3.0,South,No,None
ORD10971,PRD3934,Home,442.9,1,2025-12-10,2.0,South,No,None
ORD10972,PRD5968,Sports,946.73,1,2025-04-12,5.0,South,No,None
ORD10973,PRD4264,Sports,1463.13,1,2025-11-14,5.0,South,No,None
ORD10974,PRD6411,Sports,891.59,2,2025-12-31,3.0,North,No,None
ORD10975,PRD8990,Electronics,884.31,1,2025-10-08,4.0,East,No,None
ORD10976,PRD2079,Home,1593.08,1,2025-05-23,10.0,East,No,None
ORD10977,PRD7214,Home,2621.99,1,2025-05-19,5.0,West,No,None
ORD10978,PRD8833,Home,1097.59,1,2025-04-26,6.0,North,No,None
ORD10979,PRD4284,Sports,1224.55,1,2026-01-10,5.0,South,No,None
ORD10980,PRD2309,Fashion,887.57,2,2025-09-11,3.0,East,No,None
ORD10981,PRD2231,Sports,856.26,2,2025-09-02,6.0,South,No,None
ORD10982,PRD1946,Home,1066.23,1,2025-08-25,5.0,South,No,None
ORD10983,PRD3986,Home,403.66,1,2025-09-12,7.0,South,No,None
ORD10984,PRD2439,Fashion,1425.16,1,2025-06-22,5.0,North,No,None
ORD10985,PRD9934,Home,1261.08,1,2025-12-07,9.0,North,No,None
ORD10986,PRD6684,Home,2052.11,2,2025-06-05,5.0,South,No,None
ORD10987,PRD1298,Home,1362.3,1,2025-06-26,4.0,West,No,None
ORD10988,PRD5992,Home,411.48,2,2025-08-04,2.0,West,Yes,Damaged
ORD10989,PRD9572,Electronics,4359.94,1,2025-08-27,4.0,North,No,None
ORD10990,PRD2667,Electronics,3034.24,2,2025-10-31,4.0,South,No,None
ORD10991,PRD2490,Electronics,3065.84,2,2025-06-25,7.0,South,No,None
ORD10992,PRD5795,Home,2979.93,1,2025-06-05,3.0,West,No,None
ORD10993,PRD6190,Sports,151.93,1,2025-06-05,4.0,South,No,None
ORD10994,PRD3107,Electronics,1762.05,1,2025-05-01,3.0,South,No,None
ORD10995,PRD2465,Fashion,1184.2,1,2025-02-28,5.0,West,No,None
ORD10996,PRD5541,Sports,372.39,1,2025-06-04,4.0,North,No,None
ORD10997,PRD6641,Fashion,535.08,1,2025-11-24,6.0,West,Yes,Size Issue
ORD10998,PRD7523,Fashion,1745.99,1,2026-01-03,5.0,West,No,None
ORD10999,PRD9974,Electronics,1645.98,3,2025-06-09,3.0,North,Yes,Quality Issue
ORD11000,PRD6087,Home,1699.16,1,2025-05-12,7.0,South,No,None
ORD11001,PRD7458,Fashion,1615.79,1,2025-03-12,8.0,South,Yes,Size Issue
ORD11002,PRD6173,Fashion,1761.16,1,2025-09-23,8.0,South,No,None
ORD11003,PRD4349,Fashion,697.97,1,2025-03-24,4.0,West,No,None
ORD11004,PRD1583,Sports,1301.47,1,2025-02-28,11.0,North,No,None
ORD11005,PRD6285,Home,2077.25,1,2025-11-24,6.0,South,Yes,Damaged
ORD11006,PRD4272,Fashion,629.16,1,2025-04-29,6.0,South,Yes,Size Issue
ORD11007,PRD5240,Home,2387.61,1,2026-01-05,6.0,West,No,None
ORD11008,PRD2098,Sports,649.9,1,2026-01-31,11.0,South,No,None
ORD11009,PRD9163,Home,2202.38,1,2025-09-02,6.0,West,No,None
ORD11010,PRD9872,Electronics,3797.77,1,2026-01-01,5.0,South,No,None
ORD11011,PRD3997,Sports,1100.64,1,2025-09-01,4.0,East,No,None
ORD11012,PRD5477,Fashion,308.3,2,2025-04-06,9.0,East,No,None
ORD11013,PRD8848,Home,1535.74,2,2025-11-17,5.0,South,Yes,Damaged
ORD11014,PRD9444,Home,2604.76,1,2025-02-23,4.0,East,No,None
ORD11015,PRD5323,Electronics,4105.24,1,2026-02-05,5.0,North,Yes,Wrong Item
ORD11016,PRD4758,Fashion,593.69,1,2025-07-25,6.0,South,No,None
ORD11017,PRD3987,Sports,215.43,1,2026-01-26,9.0,East,Yes,Quality Issue
ORD11018,PRD1076,Sports,1011.49,1,2026-01-19,6.0,South,No,None
ORD11019,PRD8024,Electronics,722.07,1,2025-04-27,5.0,South,No,None
ORD11020,PRD9333,Electronics,521.21,1,2025-03-25,8.0,South,Yes,Quality Issue
ORD11021,PRD4374,Sports,1217.27,1,2025-04-04,5.0,East,No,None
ORD11022,PRD8631,Home,2096.44,1,2025-04-10,6.0,North,No,None
ORD11023,PRD6646,Fashion,806.86,1,2025-09-14,10.0,North,No,None
ORD11024,PRD6390,Sports,252.1,1,2025-10-27,6.0,East,No,None
ORD11025,PRD2725,Electronics,2091.09,1,2026-01-25,4.0,West,No,None
ORD11026,PRD6985,Electronics,1864.44,1,2026-01-31,8.0,South,Yes,Wrong Item
ORD11027,PRD6902,Electronics,1579.77,1,2025-11-17,10.0,East,No,None
ORD11028,PRD7722,Fashion,887.55,1,2025-09-27,7.0,East,No,None
ORD11029,PRD3130,Electronics,2242.32,1,2025-06-11,2.0,West,No,None
ORD11030,PRD7265,Electronics,1758.53,1,2025-11-26,2.0,West,No,None
ORD11031,PRD6938,Sports,1159.33,1,2025-09-01,5.0,East,No,None
ORD11032,PRD6799,Home,1581.36,1,2025-06-10,6.0,West,Yes,Wrong Item
ORD11033,PRD8689,Sports,940.8,1,2026-02-19,9.0,South,No,None
ORD11034,PRD6611,Sports,875.88,1,2025-11-15,6.0,East,No,None
ORD11035,PRD7449,Fashion,433.16,1,2026-02-07,2.0,North,Yes,Size Issue
ORD11036,PRD9808,Home,1509.7,1,2025-05-25,3.0,North,No,None
ORD11037,PRD1256,Fashion,1848.4,2,2026-02-01,4.0,West,No,None
ORD11038,PRD7766,Home,1145.89,1,2025-11-30,10.0,East,No,None
ORD11039,PRD1909,Home,820.06,2,2026-01-10,6.0,West,No,None
ORD11040,PRD2695,Sports,734.24,1,2025-07-22,,East,No,None
ORD11041,PRD3825,Electronics,4975.67,1,2025-06-28,7.0,North,Yes,Damaged
ORD11042,PRD2789,Electronics,696.47,1,2025-10-19,12.0,West,No,None
ORD11043,PRD8083,Home,1917.53,1,2025-03-23,5.0,North,No,None
ORD11044,PRD4567,Electronics,2371.61,1,2025-06-19,3.0,East,No,None
ORD11045,PRD6939,Electronics,4586.38,2,2025-10-09,7.0,West,Yes,Wrong Item
ORD11046,PRD4239,Sports,1208.78,1,2025-09-26,5.0,West,Yes,Quality Issue
ORD11047,PRD6105,Home,2306.54,2,2025-05-03,7.0,East,No,None
ORD11048,PRD7229,Fashion,1860.19,1,2025-12-04,,North,No,None
ORD11049,PRD9160,Electronics,3986.03,1,2025-08-02,6.0,West,No,None
ORD11050,PRD5460,Electronics,3280.16,1,2025-10-03,4.0,North,No,None
ORD11051,PRD5287,Home,2503.73,1,2025-11-18,7.0,North,No,None
ORD11052,PRD1865,Fashion,998.59,1,2025-05-04,6.0,North,No,None
ORD11053,PRD6829,Fashion,746.11,1,2025-03-05,8.0,East,No,None
ORD11054,PRD2754,Fashion,464.59,1,2025-07-26,7.0,South,Yes,Quality Issue
ORD11055,PRD6392,Sports,702.91,1,2026-02-04,5.0,North,No,None
ORD11056,PRD4182,Fashion,945.87,1,2025-11-29,10.0,East,No,None
ORD11057,PRD2717,Electronics,1293.85,2,2025-09-04,3.0,East,No,None
ORD11058,PRD9741,Fashion,1548.33,1,2026-02-14,6.0,South,No,None
ORD11059,PRD5893,Electronics,1637.45,1,2025-12-04,5.0,East,No,None
ORD11060,PRD8727,Electronics,2791.01,1,2026-02-11,3.0,North,No,None
ORD11061,PRD1986,Home,2849.01,1,2026-02-20,12.0,West,No,None
ORD11062,PRD8939,Electronics,4763.43,1,2025-09-16,3.0,East,Yes,Quality Issue
ORD11063,PRD3107,Electronics,3259.27,2,2025-09-25,5.0,West,No,None
ORD11064,PRD6830,Sports,868.11,1,2025-09-30,7.0,East,No,None
ORD11065,PRD2088,Sports,585.31,1,2025-10-13,4.0,South,No,None
ORD11066,PRD9378,Fashion,731.85,3,2025-09-26,7.0,North,No,None
ORD11067,PRD3506,Fashion,1688.9,1,2025-09-22,8.0,South,Yes,Size Issue
ORD11068,PRD7131,Fashion,1057.59,2,2025-12-09,3.0,West,Yes,Size Issue
ORD11069,PRD5593,Electronics,1856.55,1,2025-11-04,14.0,North,No,None
ORD11070,PRD9652,Home,2666.81,1,2025-12-14,6.0,North,No,None
ORD11071,PRD1432,Home,1753.51,1,2025-09-24,3.0,North,Yes,Wrong Item
ORD11072,PRD1489,Fashion,1822.85,1,2025-02-22,8.0,North,No,None
ORD11073,PRD5515,Electronics,4494.88,1,2025-07-01,7.0,South,No,None
ORD11074,PRD8345,Electronics,4850.89,1,2026-01-22,4.0,West,Yes,Size Issue
ORD11075,PRD3421,Sports,1034.12,1,2025-05-19,9.0,West,No,None
ORD11076,PRD4644,Home,390.43,1,2025-05-05,7.0,East,No,None
ORD11077,PRD7957,Home,802.68,2,2025-10-15,3.0,North,No,None
ORD11078,PRD8939,Home,746.15,3,2025-09-11,11.0,West,No,None
ORD11079,PRD1382,Electronics,2806.59,1,2026-02-16,6.0,North,No,None
ORD11080,PRD3162,Home,1122.1,1,2025-07-02,4.0,North,Yes,Quality Issue
ORD11081,PRD5217,Electronics,4755.99,1,2025-04-19,4.0,West,No,None
ORD11082,PRD9080,Sports,653.83,1,2025-08-28,3.0,East,No,None
ORD11083,PRD1071,Home,1383.11,1,2026-01-23,3.0,East,No,None
ORD11084,PRD2298,Home,449.82,1,2025-06-04,8.0,North,No,None
ORD11085,PRD8345,Fashion,853.21,1,2025-05-11,2.0,South,No,None
ORD11086,PRD5092,Sports,1243.85,1,2025-06-07,8.0,North,No,None
ORD11087,PRD3181,Home,899.72,1,2025-05-26,4.0,South,No,None
ORD11088,PRD8226,Sports,819.18,1,2025-04-18,6.0,South,No,None
ORD11089,PRD1556,Sports,846.78,1,2025-04-13,6.0,West,No,None
ORD11090,PRD1671,Fashion,1347.63,1,2025-04-29,5.0,North,Yes,Quality Issue
ORD11091,PRD7763,Home,354.31,2,2025-03-15,4.0,East,No,None
ORD11092,PRD3233,Home,2489.18,2,2025-04-28,4.0,North,Yes,Damaged
ORD11093,PRD5483,Electronics,1103.91,1,2025-08-15,7.0,North,No,None
ORD11094,PRD9643,Electronics,4251.08,1,2025-11-29,5.0,East,No,None
ORD11095,PRD3588,Home,1014.02,3,2025-10-22,4.0,East,No,None
ORD11096,PRD3837,Fashion,1338.63,1,2025-04-05,5.0,North,No,None
ORD11097,PRD5150,Home,1919.67,1,2025-12-02,5.0,East,No,None
ORD11098,PRD6080,Sports,687.64,1,2025-07-08,3.0,North,No,None
ORD11099,PRD2410,Home,1160.31,1,2025-05-18,7.0,North,No,None
ORD11100,PRD9160,Sports,1447.91,1,2026-01-13,3.0,South,No,None
ORD11101,PRD7806,Fashion,761.9,1,2025-12-26,3.0,North,No,None
ORD11102,PRD8804,Sports,696.56,1,2025-06-21,3.0,South,No,None
ORD11103,PRD3819,Home,1115.44,1,2025-12-06,4.0,West,No,None
ORD11104,PRD4574,Sports,302.36,1,2025-04-23,5.0,South,No,None
ORD11105,PRD3888,Home,1108.9,1,2025-06-06,6.0,West,No,None
ORD11106,PRD1892,Home,2225.51,1,2025-07-11,5.0,West,Yes,Damaged
ORD11107,PRD6013,Home,1477.24,1,2025-05-16,8.0,West,No,None
ORD11108,PRD6640,Electronics,1363.43,1,2025-10-16,5.0,North,No,None
ORD11109,PRD3373,Electronics,4007.89,1,2026-02-05,6.0,East,No,None
ORD11110,PRD5535,Sports,1305.05,1,2025-06-21,4.0,North,No,None
ORD11111,PRD2663,Fashion,1696.61,1,2025-03-29,3.0,North,Yes,Size Issue
ORD11112,PRD4082,Sports,1273.52,1,2025-08-27,2.0,East,No,None
ORD11113,PRD1544,Fashion,806.67,1,2025-04-29,6.0,North,No,None
ORD11114,PRD4130,Sports,1141.27,1,2025-11-25,2.0,North,No,None
ORD11115,PRD5088,Electronics,2378.52,1,2025-06-23,6.0,West,No,None
ORD11116,PRD9118,Electronics,3762.11,2,2026-01-24,9.0,South,No,None
ORD11117,PRD1386,Fashion,1995.62,1,2025-08-07,4.0,South,No,None
ORD11118,PRD6664,Home,1096.51,1,2025-11-19,8.0,East,No,None
ORD11119,PRD3484,Home,2686.99,2,2025-07-20,4.0,West,No,None
ORD11120,PRD1656,Electronics,4870.49,1,2026-01-14,7.0,West,No,None
ORD11121,PRD7176,Electronics,3564.73,1,2025-09-18,10.0,East,No,None
ORD11122,PRD4244,Electronics,2872.94,2,2025-09-05,7.0,East,No,None
ORD11123,PRD6873,Electronics,1079.36,1,2025-07-08,5.0,West,Yes,Damaged
ORD11124,PRD4683,Electronics,1938.15,1,2025-08-17,3.0,South,No,None
ORD11125,PRD2671,Home,2462.23,1,2025-05-26,5.0,East,No,None
ORD11126,PRD4542,Sports,1286.46,1,2025-03-22,5.0,North,Yes,Damaged
ORD11127,PRD9457,Sports,710.47,1,2025-12-05,6.0,South,No,None
ORD11128,PRD1209,Sports,842.02,2,2026-02-08,12.0,North,No,None
ORD11129,PRD6607,Home,682.85,1,2025-03-07,5.0,North,No,None
ORD11130,PRD1849,Home,674.31,1,2025-12-13,9.0,South,No,None
ORD11131,PRD6266,Home,1860.36,2,2025-10-13,5.0,South,No,None
ORD11132,PRD5576,Sports,1110.21,1,2025-05-09,6.0,South,No,None
ORD11133,PRD7131,Home,1751.71,1,2025-09-19,2.0,North,Yes,Damaged
ORD11134,PRD4885,Fashion,1289.17,1,2025-11-26,4.0,South,Yes,Quality Issue
ORD11135,PRD5018,Fashion,992.55,1,2025-03-14,6.0,South,Yes,Size Issue
ORD11136,PRD3634,Electronics,4701.56,1,2025-11-11,4.0,East,Yes,Wrong Item
ORD11137,PRD3383,Home,1974.78,2,2025-04-20,7.0,West,Yes,Wrong Item
ORD11138,PRD2079,Fashion,1669.96,3,2025-11-28,2.0,North,No,None
ORD11139,PRD1419,Electronics,2506.0,2,2025-11-02,5.0,North,No,None
ORD11140,PRD6137,Fashion,1251.11,1,2025-08-15,3.0,East,No,None
ORD11141,PRD3758,Electronics,2875.25,1,2025-11-16,7.0,South,No,None
ORD11142,PRD1832,Electronics,1959.97,1,2025-09-10,5.0,East,No,None
ORD11143,PRD1684,Electronics,4696.88,1,2025-10-06,9.0,West,No,None
ORD11144,PRD2709,Home,1157.42,2,2025-10-31,7.0,East,No,None
ORD11145,PRD9635,Electronics,2429.99,1,2025-12-25,4.0,West,No,None
ORD11146,PRD6558,Electronics,1551.11,1,2025-07-14,8.0,North,No,None
ORD11147,PRD3892,Home,522.84,1,2026-02-03,4.0,South,No,None
ORD11148,PRD5962,Fashion,679.25,1,2026-01-02,5.0,North,Yes,Quality Issue
ORD11149,PRD4424,Home,2736.64,1,2025-03-10,5.0,East,No,None
ORD11150,PRD1565,Electronics,4346.33,2,2025-11-14,5.0,North,No,None
ORD11151,PRD7739,Fashion,1683.15,1,2025-08-30,7.0,East,No,None
ORD11152,PRD6520,Fashion,1777.47,1,2025-10-28,7.0,East,No,None
ORD11153,PRD1716,Sports,458.44,2,2025-07-16,3.0,West,No,None
ORD11154,PRD1232,Home,2412.73,1,2025-10-13,3.0,South,No,None
ORD11155,PRD1889,Home,754.77,1,2025-08-24,5.0,West,No,None
ORD11156,PRD8025,Fashion,1973.55,1,2025-06-14,9.0,East,No,None
ORD11157,PRD4367,Home,1910.41,2,2025-09-29,7.0,West,No,None
ORD11158,PRD3949,Fashion,1569.34,1,2025-09-24,9.0,East,No,None
ORD11159,PRD3978,Sports,668.12,2,2025-06-01,5.0,West,No,None
ORD11160,PRD9090,Home,410.57,1,2025-03-27,9.0,North,No,None
ORD11161,PRD2995,Home,1363.23,1,2025-05-28,4.0,East,No,None
ORD11162,PRD9107,Electronics,4964.41,1,2025-09-23,3.0,West,No,None
ORD11163,PRD4109,Home,1704.98,1,2025-02-21,6.0,North,No,None
ORD11164,PRD7572,Home,2002.01,1,2026-01-13,7.0,West,Yes,Damaged
ORD11165,PRD1080,Sports,1005.18,1,2025-10-23,8.0,North,Yes,Damaged
ORD11166,PRD2494,Electronics,4898.4,1,2025-07-31,3.0,East,No,None
ORD11167,PRD1444,Fashion,1811.03,1,2025-10-18,6.0,North,Yes,Size Issue
ORD11168,PRD2463,Sports,1457.9,3,2025-12-28,7.0,South,No,None
ORD11169,PRD5761,Home,2141.23,1,2026-02-13,6.0,South,No,None
ORD11170,PRD3886,Fashion,714.91,1,2025-09-29,4.0,East,No,None
ORD11171,PRD6724,Sports,191.81,1,2025-07-28,6.0,East,No,None
ORD11172,PRD8130,Fashion,1382.98,1,2025-10-29,2.0,East,Yes,Wrong Item
ORD11173,PRD1296,Fashion,759.89,2,2025-09-05,4.0,East,No,None
ORD11174,PRD3515,Sports,1205.7,1,2025-08-02,4.0,West,No,None
ORD11175,PRD9744,Fashion,688.32,1,2025-02-22,6.0,South,Yes,Size Issue
ORD11176,PRD8416,Fashion,477.62,1,2026-02-17,5.0,North,No,None
ORD11177,PRD5374,Sports,234.3,2,2025-02-22,,East,Yes,Quality Issue
ORD11178,PRD2264,Electronics,2294.7,1,2025-06-28,8.0,South,No,None
ORD11179,PRD2673,Sports,1357.02,1,2025-07-01,5.0,South,No,None
ORD11180,PRD5403,Home,1337.03,2,2025-04-22,8.0,East,No,None
ORD11181,PRD7609,Home,887.77,1,2025-03-13,3.0,South,No,None
ORD11182,PRD3970,Sports,221.22,1,2025-10-28,,East,Yes,Damaged
ORD11183,PRD6154,Electronics,4415.89,1,2025-10-27,3.0,North,No,None
ORD11184,PRD4083,Home,2443.84,1,2026-01-12,4.0,North,No,None
ORD11185,PRD2830,Home,543.36,1,2025-08-14,4.0,North,Yes,Damaged
ORD11186,PRD7192,Sports,756.32,1,2026-02-09,3.0,North,No,None
ORD11187,PRD6756,Home,2533.16,1,2026-02-09,7.0,South,No,None
ORD11188,PRD2116,Electronics,1912.02,1,2025-11-12,7.0,North,No,None
ORD11189,PRD6938,Electronics,2370.98,2,2026-01-22,9.0,South,No,None
ORD11190,PRD8933,Electronics,4892.35,1,2025-11-06,3.0,North,No,None
ORD11191,PRD8102,Electronics,1614.04,2,2026-01-18,5.0,West,No,None
ORD11192,PRD7025,Home,1398.16,1,2026-02-01,8.0,South,Yes,Quality Issue
ORD11193,PRD7185,Electronics,2672.28,1,2025-04-27,7.0,West,No,None
ORD11194,PRD8989,Electronics,4072.52,3,2025-05-16,3.0,North,Yes,Damaged
ORD11195,PRD2437,Electronics,1680.37,2,2025-05-31,4.0,North,No,None
ORD11196,PRD7629,Electronics,2638.84,1,2026-01-28,3.0,West,No,None
ORD11197,PRD2434,Fashion,1788.13,1,2025-04-22,6.0,South,No,None
ORD11198,PRD8044,Fashion,494.54,1,2025-08-26,5.0,North,Yes,Quality Issue
ORD11199,PRD3179,Sports,1359.13,1,2025-08-18,4.0,South,No,None
ORD11178,PRD2264,Electronics,2294.7,1,2025-06-28,8.0,South,No,None
ORD10865,PRD2392,Fashion,1661.39,1,2025-09-24,6.0,North,No,None
ORD10101,PRD7316,Sports,426.85,3,2026-01-10,5.0,North,No,None
ORD10439,PRD4277,Sports,1412.65,2,2025-05-14,6.0,West,No,None
ORD10058,PRD6644,Home,2312.72,1,2025-11-20,6.0,West,No,None
